state_num,state_name,period,labor_force,unemployed,unemployment_rate,job_openings_1000s,job_opening_rate,population
1,Alabama,20-Jan,2240277,59405,2.7,95,0.041742242,5024803
1,Alabama,20-Feb,2236491,58639,2.6,97,0.042640137,5024803
1,Alabama,20-Mar,2234170,57895,2.6,77,0.034172482,5024803
1,Alabama,20-Apr,2187272,288253,13.2,74,0.037505974,5024803
1,Alabama,20-May,2218789,174680,7.9,94,0.043964082,5024803
1,Alabama,20-Jun,2221436,171721,7.7,82,0.038466681,5024803
1,Alabama,20-Jul,2221858,165510,7.4,106,0.049020787,5024803
1,Alabama,20-Aug,2218586,156709,7.1,104,0.048017501,5024803
1,Alabama,20-Sep,2212712,147334,6.7,102,0.047061472,5024803
1,Alabama,20-Oct,2266300,107301,4.7,107,0.047219791,5024803
1,Alabama,20-Nov,2263901,105558,4.7,92,0.040882657,5024803
1,Alabama,20-Dec,2264054,106318,4.7,96,0.042595938,5024803
1,Alabama,21-Jan,2257961,97725,4.3,106,0.046773593,5039877
1,Alabama,21-Feb,2248764,91041,4,120,0.052684194,5039877
1,Alabama,21-Mar,2235958,84716,3.8,116,0.051163484,5039877
1,Alabama,21-Apr,2231960,79319,3.6,137,0.059834708,5039877
1,Alabama,21-May,2225722,75398,3.4,144,0.062763585,5039877
1,Alabama,21-Jun,2212718,73769,3.3,142,0.06225479,5039877
1,Alabama,21-Jul,2210686,71678,3.2,147,0.064304237,5039877
1,Alabama,21-Aug,2207602,69014,3.1,147,0.064316053,5039877
1,Alabama,21-Sep,2207728,68576,3.1,144,0.063070702,5039877
1,Alabama,21-Oct,2212134,67860,3.1,162,0.070243171,5039877
1,Alabama,21-Nov,2218606,68710,3.1,146,0.063591731,5039877
1,Alabama,21-Dec,2227172,69854,3.1,130,0.056835123,5039877
2,Alaska,20-Jan,348829,18985,5.4,21,0.059855662,732441
2,Alaska,20-Feb,350406,18227,5.2,22,0.062115484,732441
2,Alaska,20-Mar,349989,21832,6.2,17,0.049252949,732441
2,Alaska,20-Apr,341223,42175,12.4,14,0.044721576,732441
2,Alaska,20-May,345972,41361,12,17,0.052858889,732441
2,Alaska,20-Jun,350478,39160,11.2,19,0.057520329,732441
2,Alaska,20-Jul,353072,35864,10.2,23,0.0676057,732441
2,Alaska,20-Aug,339540,20973,6.2,19,0.056285123,732441
2,Alaska,20-Sep,335688,21941,6.5,17,0.051398803,732441
2,Alaska,20-Oct,352525,20793,5.9,16,0.046012446,732441
2,Alaska,20-Nov,351025,21998,6.3,14,0.040813114,732441
2,Alaska,20-Dec,350219,23032,6.6,16,0.046621813,732441
2,Alaska,21-Jan,349096,24097,6.9,21,0.060693817,732673
2,Alaska,21-Feb,346481,24507,7.1,24,0.069369375,732673
2,Alaska,21-Mar,344975,25490,7.4,23,0.067156226,732673
2,Alaska,21-Apr,348398,24425,7,25,0.07163878,732673
2,Alaska,21-May,350681,22576,6.4,30,0.083774312,732673
2,Alaska,21-Jun,354816,23095,6.5,34,0.092967043,732673
2,Alaska,21-Jul,355856,21021,5.9,40,0.106713621,732673
2,Alaska,21-Aug,353294,17934,5.1,30,0.082110795,732673
2,Alaska,21-Sep,350820,18556,5.3,26,0.072572181,732673
2,Alaska,21-Oct,351026,18645,5.3,24,0.067343657,732673
2,Alaska,21-Nov,352259,19543,5.5,22,0.062021448,732673
2,Alaska,21-Dec,351565,18916,5.4,27,0.075073196,732673
3,Arizona,20-Jan,3587269,173912,4.8,165,0.046110547,7177986
3,Arizona,20-Feb,3597043,162885,4.5,153,0.04265215,7177986
3,Arizona,20-Mar,3585541,186149,5.2,120,0.034096799,7177986
3,Arizona,20-Apr,3523144,499744,14.2,119,0.037869145,7177986
3,Arizona,20-May,3613337,387259,10.7,121,0.036150935,7177986
3,Arizona,20-Jun,3559525,385973,10.8,122,0.037019595,7177986
3,Arizona,20-Jul,3609819,394487,10.9,152,0.045139594,7177986
3,Arizona,20-Aug,3518126,249959,7.1,170,0.049444951,7177986
3,Arizona,20-Sep,3557313,249405,7,152,0.043931804,7177986
3,Arizona,20-Oct,3549866,226423,6.4,175,0.050022253,7177986
3,Arizona,20-Nov,3575128,229103,6.4,136,0.039057732,7177986
3,Arizona,20-Dec,3566534,239544,6.7,154,0.044240288,7177986
3,Arizona,21-Jan,3572898,246905,6.9,171,0.048899154,7276316
3,Arizona,21-Feb,3590240,253833,7.1,176,0.050108088,7276316
3,Arizona,21-Mar,3599372,231829,6.4,176,0.049667804,7276316
3,Arizona,21-Apr,3609550,232992,6.5,211,0.05881438,7276316
3,Arizona,21-May,3628009,243383,6.7,213,0.05920571,7276316
3,Arizona,21-Jun,3656599,265866,7.3,189,0.052797234,7276316
3,Arizona,21-Jul,3644623,233367,6.4,242,0.066242278,7276316
3,Arizona,21-Aug,3634888,193802,5.3,261,0.070500793,7276316
3,Arizona,21-Sep,3659536,157998,4.3,209,0.056326064,7276316
3,Arizona,21-Oct,3654989,133663,3.7,243,0.064553389,7276316
3,Arizona,21-Nov,3672206,117309,3.2,202,0.053767777,7276316
3,Arizona,21-Dec,3657606,101842,2.8,201,0.053503494,7276316
4,Arkansas,20-Jan,1356254,56515,4.2,61,0.044828582,3012232
4,Arkansas,20-Feb,1371586,55507,4,59,0.042906626,3012232
4,Arkansas,20-Mar,1367760,57100,4.2,53,0.038865993,3012232
4,Arkansas,20-Apr,1367099,132291,9.7,52,0.040410069,3012232
4,Arkansas,20-May,1359019,118575,8.7,43,0.033503604,3012232
4,Arkansas,20-Jun,1360293,107148,7.9,43,0.033175301,3012232
4,Arkansas,20-Jul,1356900,102232,7.5,61,0.04636428,3012232
4,Arkansas,20-Aug,1347895,84611,6.3,62,0.046782426,3012232
4,Arkansas,20-Sep,1340180,77940,5.8,65,0.04897381,3012232
4,Arkansas,20-Oct,1330274,63908,4.8,59,0.044516005,3012232
4,Arkansas,20-Nov,1327638,63285,4.8,55,0.0416871,3012232
4,Arkansas,20-Dec,1366653,64314,4.7,53,0.039104608,3012232
4,Arkansas,21-Jan,1349496,68919,5.1,67,0.049718866,3025891
4,Arkansas,21-Feb,1353169,72037,5.3,68,0.050402777,3025891
4,Arkansas,21-Mar,1359037,64627,4.8,78,0.056834328,3025891
4,Arkansas,21-Apr,1367128,58531,4.3,104,0.073623263,3025891
4,Arkansas,21-May,1367707,61464,4.5,78,0.056348488,3025891
4,Arkansas,21-Jun,1378507,69301,5,79,0.056907981,3025891
4,Arkansas,21-Jul,1369922,62998,4.6,96,0.068428511,3025891
4,Arkansas,21-Aug,1358013,51612,3.8,106,0.075049508,3025891
4,Arkansas,21-Sep,1356554,42810,3.2,105,0.074009124,3025891
4,Arkansas,21-Oct,1344647,32084,2.4,92,0.0655008,3025891
4,Arkansas,21-Nov,1353114,29608,2.2,77,0.054980129,3025891
4,Arkansas,21-Dec,1352420,32636,2.4,76,0.054449686,3025891
5,California,20-Jan,19438620,873455,4.5,824,0.042497962,39499738
5,California,20-Feb,19514077,844212,4.3,739,0.038075385,39499738
5,California,20-Mar,19167207,974161,5.1,630,0.03346961,39499738
5,California,20-Apr,18451970,2944524,16,499,0.03117494,39499738
5,California,20-May,18348132,2834868,15.5,565,0.03514061,39499738
5,California,20-Jun,18743309,2639792,14.1,625,0.037361351,39499738
5,California,20-Jul,18789689,2548914,13.6,782,0.045938456,39499738
5,California,20-Aug,18690463,2299887,12.3,666,0.039046524,39499738
5,California,20-Sep,18494445,1933139,10.5,680,0.039440168,39499738
5,California,20-Oct,18887681,1757771,9.3,784,0.043764873,39499738
5,California,20-Nov,18667576,1544099,8.3,640,0.036028982,39499738
5,California,20-Dec,18660835,1702248,9.1,568,0.032407907,39499738
5,California,21-Jan,18621937,1720196,9.2,730,0.041402605,39237836
5,California,21-Feb,19020738,1598534,8.4,686,0.037883381,39237836
5,California,21-Mar,18911292,1549839,8.2,798,0.043944055,39237836
5,California,21-Apr,18813978,1521536,8.1,956,0.052388034,39237836
5,California,21-May,18946169,1422702,7.5,951,0.051476451,39237836
5,California,21-Jun,19003600,1524557,8,1070,0.057684917,39237836
5,California,21-Jul,19162864,1505402,7.9,1157,0.061495248,39237836
5,California,21-Aug,19024036,1423841,7.5,1142,0.060932031,39237836
5,California,21-Sep,19055441,1212007,6.4,1170,0.061535439,39237836
5,California,21-Oct,19106763,1166737,6.1,1247,0.064991834,39237836
5,California,21-Nov,19174527,1036255,5.4,1096,0.056981621,39237836
5,California,21-Dec,19065788,960384,5,1075,0.056046786,39237836
6,Colorado,20-Jan,3144882,90641,2.9,120,0.037804313,5784308
6,Colorado,20-Feb,3163054,91030,2.9,123,0.038497363,5784308
6,Colorado,20-Mar,3079676,153311,5,107,0.035274357,5784308
6,Colorado,20-Apr,2959510,360423,12.2,107,0.039540488,5784308
6,Colorado,20-May,3084205,360601,11.7,100,0.035415731,5784308
6,Colorado,20-Jun,3166070,361503,11.4,103,0.035424807,5784308
6,Colorado,20-Jul,3083369,230437,7.5,121,0.040686875,5784308
6,Colorado,20-Aug,3125930,219516,7,112,0.037105579,5784308
6,Colorado,20-Sep,3152249,213829,6.8,107,0.035134727,5784308
6,Colorado,20-Oct,3161607,207486,6.6,112,0.036528239,5784308
6,Colorado,20-Nov,3173505,212590,6.7,93,0.030452714,5784308
6,Colorado,20-Dec,3172790,219804,6.9,105,0.034336325,5784308
6,Colorado,21-Jan,3171425,219461,6.9,137,0.04435144,5812069
6,Colorado,21-Feb,3178875,211931,6.7,139,0.0447529,5812069
6,Colorado,21-Mar,3155812,205805,6.5,160,0.05144683,5812069
6,Colorado,21-Apr,3182413,199970,6.3,213,0.066657424,5812069
6,Colorado,21-May,3179097,184411,5.8,233,0.072187939,5812069
6,Colorado,21-Jun,3192724,199882,6.3,241,0.074524358,5812069
6,Colorado,21-Jul,3193950,190072,6,253,0.077681755,5812069
6,Colorado,21-Aug,3195523,171047,5.4,218,0.067232572,5812069
6,Colorado,21-Sep,3213068,150422,4.7,192,0.058992591,5812069
6,Colorado,21-Oct,3224313,143874,4.5,212,0.064389955,5812069
6,Colorado,21-Nov,3217519,142433,4.4,191,0.058479783,5812069
6,Colorado,21-Dec,3227853,133413,4.1,208,0.062983733,5812069
7,Connecticut,20-Jan,1916553,81459,4.3,68,0.035731288,3600260
7,Connecticut,20-Feb,1912972,76856,4,63,0.033173329,3600260
7,Connecticut,20-Mar,1903646,80956,4.3,59,0.031354793,3600260
7,Connecticut,20-Apr,1805067,151084,8.4,55,0.032182883,3600260
7,Connecticut,20-May,1882909,219130,11.6,59,0.034246993,3600260
7,Connecticut,20-Jun,1903809,216926,11.4,56,0.032130671,3600260
7,Connecticut,20-Jul,1928598,222745,11.5,63,0.035616301,3600260
7,Connecticut,20-Aug,1854836,154840,8.3,61,0.034639488,3600260
7,Connecticut,20-Sep,1843886,150477,8.2,60,0.034219056,3600260
7,Connecticut,20-Oct,1841877,141827,7.7,70,0.039546905,3600260
7,Connecticut,20-Nov,1846074,138843,7.5,60,0.033951419,3600260
7,Connecticut,20-Dec,1831338,140974,7.7,59,0.033726543,3600260
7,Connecticut,21-Jan,1822982,154163,8.5,71,0.040808843,3605597
7,Connecticut,21-Feb,1685742,140032,8.3,68,0.042138922,3605597
7,Connecticut,21-Mar,1723503,142105,8.2,89,0.053280715,3605597
7,Connecticut,21-Apr,1739813,131354,7.5,112,0.065098907,3605597
7,Connecticut,21-May,1757534,120362,6.8,108,0.061885018,3605597
7,Connecticut,21-Jun,1808525,123417,6.8,104,0.058129526,3605597
7,Connecticut,21-Jul,1835117,126865,6.9,111,0.061014087,3605597
7,Connecticut,21-Aug,1804289,110185,6.1,105,0.058362385,3605597
7,Connecticut,21-Sep,1815804,97700,5.4,99,0.054482297,3605597
7,Connecticut,21-Oct,1829144,96277,5.3,106,0.057644191,3605597
7,Connecticut,21-Nov,1850252,88174,4.8,108,0.057751602,3605597
7,Connecticut,21-Dec,1832459,81426,4.4,102,0.055044891,3605597
8,Delaware,20-Jan,492355,22838,4.6,21,0.042811972,991886
8,Delaware,20-Feb,495454,22248,4.5,19,0.038601724,991886
8,Delaware,20-Mar,482043,25293,5.2,18,0.037914692,991886
8,Delaware,20-Apr,473726,63108,13.3,20,0.046444877,991886
8,Delaware,20-May,476031,64570,13.6,19,0.044138726,991886
8,Delaware,20-Jun,480773,63880,13.3,26,0.058704924,991886
8,Delaware,20-Jul,492039,42346,8.6,27,0.056640228,991886
8,Delaware,20-Aug,490448,37775,7.7,19,0.040282145,991886
8,Delaware,20-Sep,485471,35588,7.3,22,0.046621726,991886
8,Delaware,20-Oct,480007,24606,5.1,23,0.048076823,991886
8,Delaware,20-Nov,481657,24756,5.1,17,0.035872471,991886
8,Delaware,20-Dec,482293,27797,5.8,16,0.034006665,991886
8,Delaware,21-Jan,487574,31291,6.4,23,0.047988349,1003384
8,Delaware,21-Feb,489296,32489,6.6,21,0.0439508,1003384
8,Delaware,21-Mar,490936,32463,6.6,23,0.047770072,1003384
8,Delaware,21-Apr,489892,29925,6.1,37,0.074451624,1003384
8,Delaware,21-May,483338,24833,5.1,31,0.063329282,1003384
8,Delaware,21-Jun,495150,29283,5.9,41,0.08088907,1003384
8,Delaware,21-Jul,492377,27031,5.5,42,0.082783741,1003384
8,Delaware,21-Aug,489477,26090,5.3,30,0.060804196,1003384
8,Delaware,21-Sep,485187,23785,4.9,30,0.061049813,1003384
8,Delaware,21-Oct,487940,22167,4.5,33,0.066162362,1003384
8,Delaware,21-Nov,490315,19500,4,25,0.050422032,1003384
8,Delaware,21-Dec,491967,20705,4.2,23,0.046534024,1003384
9,DC,20-Jan,421801,21026,5,30,0.069641924,690093
9,DC,20-Feb,425308,20714,4.9,33,0.075412369,690093
9,DC,20-Mar,420428,22944,5.5,25,0.059173839,690093
9,DC,20-Apr,405479,42947,10.6,31,0.078773772,690093
9,DC,20-May,396512,35665,9,19,0.05002014,690093
9,DC,20-Jun,400830,36778,9.2,29,0.073781586,690093
9,DC,20-Jul,407168,38812,9.5,40,0.097953746,690093
9,DC,20-Aug,406441,36135,8.9,28,0.070297711,690093
9,DC,20-Sep,404522,35648,8.8,28,0.070551359,690093
9,DC,20-Oct,405870,33338,8.2,31,0.076821665,690093
9,DC,20-Nov,409289,34273,8.4,27,0.067161506,690093
9,DC,20-Dec,413158,36459,8.8,22,0.055179471,690093
9,DC,21-Jan,407077,32208,7.9,31,0.076379324,670050
9,DC,21-Feb,407673,30949,7.6,32,0.078292442,670050
9,DC,21-Mar,403594,27975,6.9,29,0.071672363,670050
9,DC,21-Apr,401023,26517,6.6,43,0.102992532,670050
9,DC,21-May,403110,25546,6.3,28,0.069039658,670050
9,DC,21-Jun,410775,29715,7.2,42,0.099276698,670050
9,DC,21-Jul,419413,27612,6.6,54,0.12113028,670050
9,DC,21-Aug,411618,27170,6.6,37,0.087792563,670050
9,DC,21-Sep,409255,24019,5.9,40,0.094065413,670050
9,DC,21-Oct,410486,22685,5.5,44,0.101898791,670050
9,DC,21-Nov,414940,21463,5.2,38,0.088069584,670050
9,DC,21-Dec,411358,21072,5.1,32,0.075778027,670050
10,Florida,20-Jan,10455017,354946,3.4,416,0.039558501,21569932
10,Florida,20-Feb,10501385,321065,3.1,410,0.0387146,21569932
10,Florida,20-Mar,10566114,531061,5,377,0.036208037,21569932
10,Florida,20-Apr,9717870,1348861,13.9,297,0.034271831,21569932
10,Florida,20-May,9972760,1428081,14.3,306,0.034573619,21569932
10,Florida,20-Jun,9916934,1159961,11.7,324,0.035678996,21569932
10,Florida,20-Jul,10113079,1205307,11.9,410,0.044001935,21569932
10,Florida,20-Aug,10003284,803812,8,372,0.038865495,21569932
10,Florida,20-Sep,10109604,740593,7.3,380,0.038978313,21569932
10,Florida,20-Oct,10047839,565043,5.6,415,0.041928526,21569932
10,Florida,20-Nov,9999225,499570,5,387,0.039143674,21569932
10,Florida,20-Dec,9968835,419587,4.2,370,0.037301215,21569932
10,Florida,21-Jan,10103656,536837,5.3,401,0.040229462,21781128
10,Florida,21-Feb,10221907,516995,5.1,462,0.045441526,21781128
10,Florida,21-Mar,10271525,542176,5.3,437,0.04298495,21781128
10,Florida,21-Apr,10364012,535519,5.2,514,0.049697882,21781128
10,Florida,21-May,10458111,524234,5,537,0.051285102,21781128
10,Florida,21-Jun,10574369,600998,5.7,565,0.053613599,21781128
10,Florida,21-Jul,10646695,545882,5.1,754,0.069462274,21781128
10,Florida,21-Aug,10626658,525543,4.9,692,0.064114947,21781128
10,Florida,21-Sep,10623190,456901,4.3,650,0.060094548,21781128
10,Florida,21-Oct,10656033,424800,4,742,0.067619087,21781128
10,Florida,21-Nov,10644641,384837,3.6,614,0.05646598,21781128
10,Florida,21-Dec,10622172,339436,3.2,617,0.056606876,21781128
11,Georgia,20-Jan,5212231,186424,3.6,235,0.044669953,10725800
11,Georgia,20-Feb,5236253,177360,3.4,219,0.041493831,10725800
11,Georgia,20-Mar,5201099,192874,3.7,170,0.032829782,10725800
11,Georgia,20-Apr,4950530,602733,12.2,174,0.038480277,10725800
11,Georgia,20-May,5024074,475469,9.5,215,0.045133885,10725800
11,Georgia,20-Jun,5001224,432911,8.7,215,0.044947926,10725800
11,Georgia,20-Jul,4982393,403003,8.1,260,0.053725779,10725800
11,Georgia,20-Aug,4930238,343514,7,247,0.051099318,10725800
11,Georgia,20-Sep,4933424,315517,6.4,240,0.049403992,10725800
11,Georgia,20-Oct,5115883,278502,5.4,253,0.049701584,10725800
11,Georgia,20-Nov,5138700,273400,5.3,242,0.047383157,10725800
11,Georgia,20-Dec,5139816,289866,5.6,268,0.052364716,10725800
11,Georgia,21-Jan,5111532,255937,5,307,0.059466218,10799566
11,Georgia,21-Feb,5154233,229290,4.4,271,0.052156076,10799566
11,Georgia,21-Mar,5174762,208569,4,313,0.059289365,10799566
11,Georgia,21-Apr,5172654,200416,3.9,374,0.069955733,10799566
11,Georgia,21-May,5152914,204347,4,365,0.068692086,10799566
11,Georgia,21-Jun,5180333,232021,4.5,360,0.067818169,10799566
11,Georgia,21-Jul,5168565,164586,3.2,406,0.075046502,10799566
11,Georgia,21-Aug,5147237,161381,3.1,415,0.076839671,10799566
11,Georgia,21-Sep,5152831,129720,2.5,414,0.076143378,10799566
11,Georgia,21-Oct,5176729,127213,2.5,425,0.077632434,10799566
11,Georgia,21-Nov,5191214,112610,2.2,403,0.073518627,10799566
11,Georgia,21-Dec,5207912,123858,2.4,386,0.070566031,10799566
12,Hawaii,20-Jan,677385,13926,2.1,38,0.054172803,1451911
12,Hawaii,20-Feb,675724,11645,1.7,27,0.039069339,1451911
12,Hawaii,20-Mar,670957,14196,2.1,21,0.030984374,1451911
12,Hawaii,20-Apr,636024,139050,21.9,14,0.027398654,1451911
12,Hawaii,20-May,635899,139572,21.9,21,0.04059328,1451911
12,Hawaii,20-Jun,638944,92280,14.4,20,0.035294284,1451911
12,Hawaii,20-Jul,643980,91356,14.2,26,0.044934189,1451911
12,Hawaii,20-Aug,645049,91155,14.1,20,0.034849641,1451911
12,Hawaii,20-Sep,608565,93068,15.3,19,0.03554744,1451911
12,Hawaii,20-Oct,638773,89652,14,33,0.056689245,1451911
12,Hawaii,20-Nov,658233,68363,10.4,32,0.0514577,1451911
12,Hawaii,20-Dec,648758,60478,9.3,30,0.048521705,1451911
12,Hawaii,21-Jan,655563,64829,9.9,29,0.04679427,1441553
12,Hawaii,21-Feb,658637,56643,8.6,24,0.038339026,1441553
12,Hawaii,21-Mar,652552,56542,8.7,25,0.040257001,1441553
12,Hawaii,21-Apr,652263,52049,8,25,0.039986309,1441553
12,Hawaii,21-May,644843,47916,7.4,38,0.0598494,1441553
12,Hawaii,21-Jun,644257,50463,7.8,35,0.055662109,1441553
12,Hawaii,21-Jul,646745,44339,6.9,49,0.075221905,1441553
12,Hawaii,21-Aug,648495,43012,6.6,35,0.054646259,1441553
12,Hawaii,21-Sep,647465,41193,6.4,31,0.048644849,1441553
12,Hawaii,21-Oct,645241,37875,5.9,59,0.088539932,1441553
12,Hawaii,21-Nov,649967,34915,5.4,56,0.083451059,1441553
12,Hawaii,21-Dec,649265,32060,4.9,56,0.083184171,1441553
13,Idaho,20-Jan,885293,29056,3.3,37,0.041422377,1847772
13,Idaho,20-Feb,889882,26414,3,38,0.042153465,1847772
13,Idaho,20-Mar,884713,29288,3.3,35,0.039307072,1847772
13,Idaho,20-Apr,868898,100962,11.6,42,0.051855949,1847772
13,Idaho,20-May,883908,75012,8.5,37,0.043740602,1847772
13,Idaho,20-Jun,893401,61163,6.8,36,0.041463285,1847772
13,Idaho,20-Jul,895098,50728,5.7,41,0.046308323,1847772
13,Idaho,20-Aug,891663,38766,4.3,34,0.038335906,1847772
13,Idaho,20-Sep,907941,50384,5.5,34,0.038135531,1847772
13,Idaho,20-Oct,903354,38223,4.2,39,0.043135342,1847772
13,Idaho,20-Nov,902015,37371,4.1,36,0.039971398,1847772
13,Idaho,20-Dec,899652,36070,4,38,0.042148135,1847772
13,Idaho,21-Jan,898423,39891,4.4,41,0.045579257,1900923
13,Idaho,21-Feb,896782,40053,4.5,42,0.046732664,1900923
13,Idaho,21-Mar,894325,36018,4,55,0.060220714,1900923
13,Idaho,21-Apr,900639,30501,3.4,78,0.082266506,1900923
13,Idaho,21-May,904764,26179,2.9,60,0.063926016,1900923
13,Idaho,21-Jun,912060,29253,3.2,66,0.069561038,1900923
13,Idaho,21-Jul,912147,26396,2.9,72,0.075176116,1900923
13,Idaho,21-Aug,912707,24655,2.7,58,0.061307412,1900923
13,Idaho,21-Sep,907437,19336,2.1,52,0.055313206,1900923
13,Idaho,21-Oct,912926,17877,2,62,0.064782472,1900923
13,Idaho,21-Nov,909318,17659,1.9,54,0.057103036,1900923
13,Idaho,21-Dec,907663,16874,1.9,59,0.06211906,1900923
14,Illinois,20-Jan,6333145,254485,4,247,0.039047309,12785245
14,Illinois,20-Feb,6359497,237430,3.7,266,0.041640139,12785245
14,Illinois,20-Mar,6307742,253673,4,223,0.035526135,12785245
14,Illinois,20-Apr,5964800,970481,16.3,173,0.033479644,12785245
14,Illinois,20-May,6130554,936083,15.3,196,0.036360459,12785245
14,Illinois,20-Jun,6428397,924792,14.4,227,0.039611873,12785245
14,Illinois,20-Jul,6232556,771918,12.4,268,0.046782499,12785245
14,Illinois,20-Aug,6275238,690102,11,225,0.038725427,12785245
14,Illinois,20-Sep,6358334,640189,10.1,233,0.03915213,12785245
14,Illinois,20-Oct,6324429,474466,7.5,278,0.045365809,12785245
14,Illinois,20-Nov,6169598,465928,7.6,229,0.038599821,12785245
14,Illinois,20-Dec,6105476,479837,7.9,246,0.041896309,12785245
14,Illinois,21-Jan,6091031,514563,8.4,250,0.042907641,12671469
14,Illinois,21-Feb,6097520,475543,7.8,246,0.041922455,12671469
14,Illinois,21-Mar,6102774,433143,7.1,313,0.052318119,12671469
14,Illinois,21-Apr,6157687,436317,7.1,360,0.059197187,12671469
14,Illinois,21-May,6172208,413924,6.7,333,0.054668277,12671469
14,Illinois,21-Jun,6303537,497570,7.9,417,0.067009836,12671469
14,Illinois,21-Jul,6318805,442160,7,465,0.073324823,12671469
14,Illinois,21-Aug,6240743,425211,6.8,381,0.061486005,12671469
14,Illinois,21-Sep,6223103,318884,5.1,437,0.068914195,12671469
14,Illinois,21-Oct,6263088,310895,5,457,0.071303829,12671469
14,Illinois,21-Nov,6333414,286687,4.5,368,0.057367991,12671469
14,Illinois,21-Dec,6320577,274077,4.3,363,0.056634683,12671469
15,Indiana,20-Jan,3364647,119356,3.5,144,0.042486762,6785644
15,Indiana,20-Feb,3360761,114552,3.4,151,0.044448251,6785644
15,Indiana,20-Mar,3313299,123603,3.7,119,0.035965831,6785644
15,Indiana,20-Apr,3198078,528808,16.5,106,0.038194482,6785644
15,Indiana,20-May,3267075,388902,11.9,128,0.042579053,6785644
15,Indiana,20-Jun,3320310,340905,10.3,126,0.040574418,6785644
15,Indiana,20-Jul,3336724,298074,8.9,160,0.050021103,6785644
15,Indiana,20-Aug,3339458,238890,7.2,146,0.044970566,6785644
15,Indiana,20-Sep,3321153,200335,6,150,0.045860088,6785644
15,Indiana,20-Oct,3342611,171600,5.1,155,0.046602371,6785644
15,Indiana,20-Nov,3342762,161074,4.8,145,0.043586895,6785644
15,Indiana,20-Dec,3321235,146233,4.4,121,0.036711143,6785644
15,Indiana,21-Jan,3336057,156607,4.7,142,0.042752412,6805985
15,Indiana,21-Feb,3300840,155827,4.7,151,0.045812926,6805985
15,Indiana,21-Mar,3295778,153244,4.6,182,0.054744515,6805985
15,Indiana,21-Apr,3328155,140724,4.2,228,0.06675585,6805985
15,Indiana,21-May,3366515,152072,4.5,241,0.069745037,6805985
15,Indiana,21-Jun,3384905,159703,4.7,238,0.068722529,6805985
15,Indiana,21-Jul,3354296,142656,4.3,244,0.070609207,6805985
15,Indiana,21-Aug,3331182,134618,4,237,0.069024489,6805985
15,Indiana,21-Sep,3313470,93504,2.8,229,0.066396711,6805985
15,Indiana,21-Oct,3314786,83858,2.5,248,0.071286327,6805985
15,Indiana,21-Nov,3313444,70290,2.1,228,0.065684208,6805985
15,Indiana,21-Dec,3277064,43014,1.3,229,0.06612668,6805985
16,Iowa,20-Jan,1729632,61834,3.6,72,0.041384115,3188669
16,Iowa,20-Feb,1736013,55416,3.2,70,0.039986359,3188669
16,Iowa,20-Mar,1709220,60457,3.5,56,0.032849141,3188669
16,Iowa,20-Apr,1704471,188141,11,60,0.038063096,3188669
16,Iowa,20-May,1655737,137551,8.3,54,0.034347081,3188669
16,Iowa,20-Jun,1659741,120767,7.3,59,0.036921752,3188669
16,Iowa,20-Jul,1643799,97420,5.9,77,0.047431931,3188669
16,Iowa,20-Aug,1631247,79510,4.9,57,0.035431522,3188669
16,Iowa,20-Sep,1635725,69064,4.2,71,0.043354516,3188669
16,Iowa,20-Oct,1635569,55681,3.4,80,0.048196023,3188669
16,Iowa,20-Nov,1633755,59741,3.7,63,0.038484704,3188669
16,Iowa,20-Dec,1622138,66280,4.1,60,0.037131976,3188669
16,Iowa,21-Jan,1627688,78445,4.8,71,0.043820587,3193079
16,Iowa,21-Feb,1650496,82098,5,74,0.04505607,3193079
16,Iowa,21-Mar,1646332,73935,4.5,87,0.052428683,3193079
16,Iowa,21-Apr,1654353,66189,4,112,0.065875998,3193079
16,Iowa,21-May,1659484,68739,4.1,89,0.052984233,3193079
16,Iowa,21-Jun,1673835,78915,4.7,91,0.053976464,3193079
16,Iowa,21-Jul,1683018,67876,4,111,0.064305254,3193079
16,Iowa,21-Aug,1648868,63457,3.8,90,0.053718162,3193079
16,Iowa,21-Sep,1656564,48439,2.9,116,0.067280505,3193079
16,Iowa,21-Oct,1668559,48675,2.9,128,0.073231404,3193079
16,Iowa,21-Nov,1666277,44028,2.6,106,0.061333755,3193079
16,Iowa,21-Dec,1660698,48988,2.9,109,0.063345944,3193079
17,Kansas,20-Jan,1493578,48671,3.3,71,0.046836646,2935880
17,Kansas,20-Feb,1505032,49549,3.3,70,0.045887106,2935880
17,Kansas,20-Mar,1487454,52338,3.5,53,0.035615503,2935880
17,Kansas,20-Apr,1476015,184383,12.5,55,0.040842636,2935880
17,Kansas,20-May,1484126,137808,9.3,51,0.036498492,2935880
17,Kansas,20-Jun,1488976,101401,6.8,54,0.037459029,2935880
17,Kansas,20-Jul,1518534,111208,7.3,71,0.048027296,2935880
17,Kansas,20-Aug,1508539,96273,6.4,64,0.043352621,2935880
17,Kansas,20-Sep,1471196,86186,5.9,63,0.043507987,2935880
17,Kansas,20-Oct,1506390,62077,4.1,73,0.048111365,2935880
17,Kansas,20-Nov,1515460,63285,4.2,62,0.04094639,2935880
17,Kansas,20-Dec,1508734,62911,4.2,62,0.041118885,2935880
17,Kansas,21-Jan,1515813,80758,5.3,77,0.050924074,2934582
17,Kansas,21-Feb,1500139,58056,3.9,70,0.046293755,2934582
17,Kansas,21-Mar,1506301,57593,3.8,81,0.052951282,2934582
17,Kansas,21-Apr,1498651,50588,3.4,93,0.060347955,2934582
17,Kansas,21-May,1503486,55480,3.7,76,0.04986857,2934582
17,Kansas,21-Jun,1522209,66991,4.4,72,0.047144546,2934582
17,Kansas,21-Jul,1538271,72351,4.7,94,0.0602595,2934582
17,Kansas,21-Aug,1509740,60604,4,83,0.054172737,2934582
17,Kansas,21-Sep,1504432,52686,3.5,86,0.055926011,2934582
17,Kansas,21-Oct,1503378,49544,3.3,104,0.066759359,2934582
17,Kansas,21-Nov,1496148,38400,2.6,91,0.058757138,2934582
17,Kansas,21-Dec,1487429,33233,2.2,86,0.055837049,2934582
18,Kentucky,20-Jan,2067955,93839,4.5,90,0.043602201,4503958
18,Kentucky,20-Feb,2073203,90378,4.4,85,0.041105993,4503958
18,Kentucky,20-Mar,2071046,100710,4.9,93,0.04507264,4503958
18,Kentucky,20-Apr,2078415,347938,16.7,75,0.041540269,4503958
18,Kentucky,20-May,2078339,231384,11.1,83,0.043006184,4503958
18,Kentucky,20-Jun,1988719,116787,5.9,100,0.050711688,4503958
18,Kentucky,20-Jul,1981728,120009,6.1,107,0.054350062,4503958
18,Kentucky,20-Aug,1976599,102890,5.2,100,0.05066603,4503958
18,Kentucky,20-Sep,1970842,102131,5.2,94,0.04789294,4503958
18,Kentucky,20-Oct,1974175,96299,4.9,97,0.049117008,4503958
18,Kentucky,20-Nov,1993966,100828,5.1,93,0.046824541,4503958
18,Kentucky,20-Dec,1983657,107709,5.4,81,0.041390982,4503958
18,Kentucky,21-Jan,1967353,104532,5.3,99,0.05046332,4509394
18,Kentucky,21-Feb,1974131,100063,5.1,107,0.054011271,4509394
18,Kentucky,21-Mar,1981508,99575,5,118,0.059001977,4509394
18,Kentucky,21-Apr,1983308,76562,3.9,150,0.072930736,4509394
18,Kentucky,21-May,1982037,77275,3.9,145,0.07073992,4509394
18,Kentucky,21-Jun,1996279,110177,5.5,189,0.09107986,4509394
18,Kentucky,21-Jul,1995108,94148,4.7,185,0.088688182,4509394
18,Kentucky,21-Aug,1991418,74661,3.7,177,0.084537031,4509394
18,Kentucky,21-Sep,1988911,76806,3.9,149,0.072291319,4509394
18,Kentucky,21-Oct,1999518,74426,3.7,151,0.072732808,4509394
18,Kentucky,21-Nov,2014555,61406,3,132,0.063304829,4509394
18,Kentucky,21-Dec,2014005,67723,3.4,134,0.064414344,4509394
19,Louisiana,20-Jan,2133698,110789,5.2,96,0.045306335,4651203
19,Louisiana,20-Feb,2138252,90410,4.2,95,0.044333647,4651203
19,Louisiana,20-Mar,2146472,113933,5.3,73,0.034670457,4651203
19,Louisiana,20-Apr,2033649,259225,12.7,70,0.037952228,4651203
19,Louisiana,20-May,2041909,275240,13.5,77,0.041764547,4651203
19,Louisiana,20-Jun,1976761,203300,10.3,77,0.041611253,4651203
19,Louisiana,20-Jul,1983701,198185,10,100,0.05303588,4651203
19,Louisiana,20-Aug,2101254,174030,8.3,104,0.051200655,4651203
19,Louisiana,20-Sep,2090267,170842,8.2,91,0.045264061,4651203
19,Louisiana,20-Oct,2092397,156155,7.5,110,0.053757082,4651203
19,Louisiana,20-Nov,2098192,153575,7.3,85,0.041879823,4651203
19,Louisiana,20-Dec,2083161,151178,7.3,76,0.037848926,4651203
19,Louisiana,21-Jan,2049594,155458,7.6,109,0.054414678,4624047
19,Louisiana,21-Feb,2041035,144228,7.1,102,0.05103044,4624047
19,Louisiana,21-Mar,2059354,135972,6.6,108,0.053165776,4624047
19,Louisiana,21-Apr,2061021,137274,6.7,119,0.058254889,4624047
19,Louisiana,21-May,2072115,139718,6.7,106,0.052001646,4624047
19,Louisiana,21-Jun,2091311,155190,7.4,124,0.060190639,4624047
19,Louisiana,21-Jul,2089612,132366,6.3,145,0.06897385,4624047
19,Louisiana,21-Aug,2060445,113383,5.5,146,0.069754264,4624047
19,Louisiana,21-Sep,2052539,101442,4.9,136,0.06516228,4624047
19,Louisiana,21-Oct,2063686,88382,4.3,165,0.077091852,4624047
19,Louisiana,21-Nov,2068808,83797,4.1,116,0.055211515,4624047
19,Louisiana,21-Dec,2057188,77111,3.7,122,0.058037836,4624047
20,Maine,20-Jan,699646,20773,3,30,0.042320698,1362280
20,Maine,20-Feb,699067,21619,3.1,27,0.038327882,1362280
20,Maine,20-Mar,697728,21553,3.1,22,0.031510724,1362280
20,Maine,20-Apr,654335,59662,9.1,25,0.040343859,1362280
20,Maine,20-May,681019,56255,8.3,27,0.041426038,1362280
20,Maine,20-Jun,661977,35086,5.3,27,0.041291286,1362280
20,Maine,20-Jul,690375,60585,8.8,31,0.046913543,1362280
20,Maine,20-Aug,666897,34518,5.2,27,0.040947619,1362280
20,Maine,20-Sep,666384,32384,4.9,32,0.048048048,1362280
20,Maine,20-Oct,666379,31892,4.8,30,0.04514761,1362280
20,Maine,20-Nov,666706,32749,4.9,26,0.039396506,1362280
20,Maine,20-Dec,666913,33360,5,27,0.040874843,1362280
20,Maine,21-Jan,671317,35047,5.2,28,0.042151535,1372247
20,Maine,21-Feb,672049,32398,4.8,32,0.047643791,1372247
20,Maine,21-Mar,673127,32591,4.8,38,0.056002924,1372247
20,Maine,21-Apr,673890,32510,4.8,46,0.066920772,1372247
20,Maine,21-May,675184,32422,4.8,48,0.069488478,1372247
20,Maine,21-Jun,674763,32471,4.8,47,0.068185907,1372247
20,Maine,21-Jul,678229,33172,4.9,60,0.085099503,1372247
20,Maine,21-Aug,677717,33226,4.9,48,0.06931498,1372247
20,Maine,21-Sep,679325,32945,4.8,48,0.069126415,1372247
20,Maine,21-Oct,679468,33057,4.9,42,0.061010065,1372247
20,Maine,21-Nov,678843,32965,4.9,40,0.05831941,1372247
20,Maine,21-Dec,677134,31806,4.7,48,0.069231302,1372247
21,Maryland,20-Jan,3284785,119220,3.6,170,0.050965878,6172679
21,Maryland,20-Feb,3296282,113812,3.5,146,0.043863998,6172679
21,Maryland,20-Mar,3287072,127045,3.9,124,0.03775852,6172679
21,Maryland,20-Apr,3104331,273123,8.8,104,0.035431901,6172679
21,Maryland,20-May,3130185,290402,9.3,108,0.036637704,6172679
21,Maryland,20-Jun,3255232,280621,8.6,139,0.044642699,6172679
21,Maryland,20-Jul,3192506,280225,8.8,173,0.056072688,6172679
21,Maryland,20-Aug,3176646,268849,8.5,131,0.043109165,6172679
21,Maryland,20-Sep,3004854,206005,6.9,140,0.047637698,6172679
21,Maryland,20-Oct,3115204,201351,6.5,157,0.05112586,6172679
21,Maryland,20-Nov,3120857,206589,6.6,125,0.041128324,6172679
21,Maryland,20-Dec,3105593,206860,6.7,121,0.040069768,6172679
21,Maryland,21-Jan,3078925,195821,6.4,146,0.048199071,6165129
21,Maryland,21-Feb,3084074,189122,6.1,160,0.052373982,6165129
21,Maryland,21-Mar,3108211,188570,6.1,195,0.062607536,6165129
21,Maryland,21-Apr,3113254,183551,5.9,227,0.071910471,6165129
21,Maryland,21-May,3124168,183619,5.9,195,0.062190066,6165129
21,Maryland,21-Jun,3161916,210372,6.7,208,0.065832285,6165129
21,Maryland,21-Jul,3198938,185608,5.8,258,0.078867005,6165129
21,Maryland,21-Aug,3154097,185176,5.9,210,0.066060151,6165129
21,Maryland,21-Sep,3129815,166135,5.3,207,0.06528568,6165129
21,Maryland,21-Oct,3135150,155711,5,241,0.074834518,6165129
21,Maryland,21-Nov,3129583,143867,4.6,181,0.057157004,6165129
21,Maryland,21-Dec,3120513,124871,4,191,0.059937702,6165129
22,Massachusetts,20-Jan,3755504,127991,3.4,165,0.043506772,7022220
22,Massachusetts,20-Feb,3758153,117212,3.1,173,0.045359905,7022220
22,Massachusetts,20-Mar,3712130,116907,3.1,134,0.035932418,7022220
22,Massachusetts,20-Apr,3382826,550084,16.3,130,0.043878272,7022220
22,Massachusetts,20-May,3585611,552517,15.4,120,0.038057857,7022220
22,Massachusetts,20-Jun,3718781,549404,14.8,139,0.042014559,7022220
22,Massachusetts,20-Jul,3610552,364930,10.1,171,0.050049435,7022220
22,Massachusetts,20-Aug,3664525,334996,9.1,145,0.041732275,7022220
22,Massachusetts,20-Sep,3641540,325035,8.9,145,0.041889294,7022220
22,Massachusetts,20-Oct,3675919,296395,8.1,173,0.048697771,7022220
22,Massachusetts,20-Nov,3699806,283487,7.7,154,0.043133401,7022220
22,Massachusetts,20-Dec,3694508,271380,7.3,131,0.036858549,7022220
22,Massachusetts,21-Jan,3693899,276677,7.5,147,0.041243222,6984723
22,Massachusetts,21-Feb,3708222,269738,7.3,162,0.044993951,6984723
22,Massachusetts,21-Mar,3703116,243726,6.6,211,0.057487079,6984723
22,Massachusetts,21-Apr,3702672,219829,5.9,225,0.060682181,6984723
22,Massachusetts,21-May,3689607,183227,5,235,0.062811048,6984723
22,Massachusetts,21-Jun,3724262,201844,5.4,225,0.06004134,6984723
22,Massachusetts,21-Jul,3751308,212560,5.7,309,0.080306714,6984723
22,Massachusetts,21-Aug,3752957,203555,5.4,289,0.075291749,6984723
22,Massachusetts,21-Sep,3703310,195264,5.3,281,0.074161148,6984723
22,Massachusetts,21-Oct,3721470,190762,5.1,319,0.082863428,6984723
22,Massachusetts,21-Nov,3745089,172324,4.6,284,0.073636843,6984723
22,Massachusetts,21-Dec,3692403,129004,3.5,245,0.064331495,6984723
23,Michigan,20-Jan,4909663,206791,4.2,205,0.041769631,10067664
23,Michigan,20-Feb,4919562,185581,3.8,206,0.041700565,10067664
23,Michigan,20-Mar,4894999,217985,4.5,146,0.030271527,10067664
23,Michigan,20-Apr,4530016,1070661,23.6,105,0.029458345,10067664
23,Michigan,20-May,4711928,994641,21.1,145,0.037542523,10067664
23,Michigan,20-Jun,4953891,703238,14.2,218,0.048784276,10067664
23,Michigan,20-Jul,4863144,464045,9.5,240,0.051734184,10067664
23,Michigan,20-Aug,4883260,404670,8.3,242,0.051264778,10067664
23,Michigan,20-Sep,4851512,378479,7.8,211,0.045046651,10067664
23,Michigan,20-Oct,4853635,350632,7.2,205,0.043542878,10067664
23,Michigan,20-Nov,4862903,359727,7.4,201,0.042727993,10067664
23,Michigan,20-Dec,4855603,400934,8.3,189,0.040700575,10067664
23,Michigan,21-Jan,4712994,288713,6.1,236,0.050640723,10050811
23,Michigan,21-Feb,4643494,238534,5.1,241,0.051873025,10050811
23,Michigan,21-Mar,4687935,242997,5.2,272,0.057664527,10050811
23,Michigan,21-Apr,4647038,213922,4.6,340,0.071232294,10050811
23,Michigan,21-May,4726444,246666,5.2,426,0.086836379,10050811
23,Michigan,21-Jun,4752684,251710,5.3,444,0.089788136,10050811
23,Michigan,21-Jul,4805709,241641,5,401,0.080764251,10050811
23,Michigan,21-Aug,4778899,210125,4.4,390,0.078648472,10050811
23,Michigan,21-Sep,4749769,262907,5.5,362,0.074656693,10050811
23,Michigan,21-Oct,4755751,222172,4.7,395,0.080144804,10050811
23,Michigan,21-Nov,4767091,198407,4.2,325,0.066412134,10050811
23,Michigan,21-Dec,4772856,210118,4.4,272,0.056259512,10050811
24,Minnesota,20-Jan,3102006,117779,3.8,130,0.041743906,5707165
24,Minnesota,20-Feb,3118067,112407,3.6,114,0.036542444,5707165
24,Minnesota,20-Mar,3111045,139838,4.5,106,0.034446821,5707165
24,Minnesota,20-Apr,2999206,273494,9.1,103,0.036412332,5707165
24,Minnesota,20-May,3085306,343985,11.1,90,0.031787282,5707165
24,Minnesota,20-Jun,3191110,281258,8.8,99,0.032902914,5707165
24,Minnesota,20-Jul,3163899,239267,7.6,141,0.045993779,5707165
24,Minnesota,20-Aug,3126078,195939,6.3,115,0.037765107,5707165
24,Minnesota,20-Sep,3084862,169776,5.5,109,0.036043948,5707165
24,Minnesota,20-Oct,3064787,139664,4.6,133,0.043490729,5707165
24,Minnesota,20-Nov,3053209,131727,4.3,110,0.036285883,5707165
24,Minnesota,20-Dec,3036842,148543,4.9,99,0.033140305,5707165
24,Minnesota,21-Jan,2983514,149830,5,102,0.034744884,5707390
24,Minnesota,21-Feb,3009494,146150,4.9,122,0.040866312,5707390
24,Minnesota,21-Mar,3000039,134554,4.5,129,0.043079194,5707390
24,Minnesota,21-Apr,3016125,125714,4.2,188,0.061070468,5707390
24,Minnesota,21-May,3039789,111905,3.7,179,0.057613995,5707390
24,Minnesota,21-Jun,3050457,133233,4.4,181,0.058420566,5707390
24,Minnesota,21-Jul,3050504,103672,3.4,218,0.068882013,5707390
24,Minnesota,21-Aug,3035823,101882,3.4,193,0.061721663,5707390
24,Minnesota,21-Sep,3031568,84841,2.8,195,0.062067774,5707390
24,Minnesota,21-Oct,3023522,74254,2.5,259,0.080728917,5707390
24,Minnesota,21-Nov,3027052,66467,2.2,185,0.05881259,5707390
24,Minnesota,21-Dec,3030129,82906,2.7,211,0.066809722,5707390
25,Mississippi,20-Jan,1269573,70055,5.5,49,0.039246531,2956870
25,Mississippi,20-Feb,1277395,68048,5.3,52,0.041225769,2956870
25,Mississippi,20-Mar,1281468,79363,6.2,42,0.033759208,2956870
25,Mississippi,20-Apr,1213416,186761,15.4,40,0.03750041,2956870
25,Mississippi,20-May,1232242,141301,11.5,50,0.043823476,2956870
25,Mississippi,20-Jun,1247891,128290,10.3,51,0.043567364,2956870
25,Mississippi,20-Jul,1262877,121084,9.6,60,0.049925403,2956870
25,Mississippi,20-Aug,1255536,96874,7.7,71,0.057739444,2956870
25,Mississippi,20-Sep,1262195,88775,7,62,0.050185362,2956870
25,Mississippi,20-Oct,1257756,77610,6.2,61,0.049148126,2956870
25,Mississippi,20-Nov,1272847,79747,6.3,52,0.041763714,2956870
25,Mississippi,20-Dec,1278959,83701,6.5,55,0.04399092,2956870
25,Mississippi,21-Jan,1260796,78368,6.2,61,0.049057927,2949965
25,Mississippi,21-Feb,1268332,77591,6.1,65,0.051762266,2949965
25,Mississippi,21-Mar,1264301,78085,6.2,76,0.060211564,2949965
25,Mississippi,21-Apr,1274354,75367,5.9,77,0.060345442,2949965
25,Mississippi,21-May,1278949,78240,6.1,85,0.066111383,2949965
25,Mississippi,21-Jun,1289309,98245,7.6,85,0.066611079,2949965
25,Mississippi,21-Jul,1292782,87029,6.7,89,0.06873898,2949965
25,Mississippi,21-Aug,1271613,74812,5.9,96,0.074257368,2949965
25,Mississippi,21-Sep,1264279,58977,4.7,88,0.068042886,2949965
25,Mississippi,21-Oct,1257291,48951,3.9,90,0.069319285,2949965
25,Mississippi,21-Nov,1251090,37085,3,72,0.055987341,2949965
25,Mississippi,21-Dec,1255553,38775,3.1,76,0.058788129,2949965
26,Missouri,20-Jan,3077693,121737,4,114,0.037134083,6154481
26,Missouri,20-Feb,3092673,118969,3.8,122,0.039409453,6154481
26,Missouri,20-Mar,3084107,134961,4.4,112,0.036587605,6154481
26,Missouri,20-Apr,2971380,365793,12.3,99,0.03660448,6154481
26,Missouri,20-May,2899861,282688,9.7,96,0.035382926,6154481
26,Missouri,20-Jun,3034301,245672,8.1,118,0.040596856,6154481
26,Missouri,20-Jul,3140441,228801,7.3,153,0.049924298,6154481
26,Missouri,20-Aug,3093781,187462,6.1,120,0.039652132,6154481
26,Missouri,20-Sep,3067041,147973,4.8,113,0.037268293,6154481
26,Missouri,20-Oct,3059501,122696,4,131,0.042701541,6154481
26,Missouri,20-Nov,3055824,127766,4.2,120,0.03936933,6154481
26,Missouri,20-Dec,3055793,141939,4.6,118,0.03892008,6154481
26,Missouri,21-Jan,3042652,153990,5.1,126,0.04179573,6168187
26,Missouri,21-Feb,3057225,158791,5.2,137,0.045133579,6168187
26,Missouri,21-Mar,3065763,134452,4.4,165,0.053289221,6168187
26,Missouri,21-Apr,3077698,125042,4.1,190,0.060458415,6168187
26,Missouri,21-May,3101272,145266,4.7,162,0.051956282,6168187
26,Missouri,21-Jun,3127941,160748,5.1,173,0.055092155,6168187
26,Missouri,21-Jul,3099297,119647,3.9,216,0.067591883,6168187
26,Missouri,21-Aug,3055940,106650,3.5,213,0.067356251,6168187
26,Missouri,21-Sep,3047465,86890,2.9,202,0.063872003,6168187
26,Missouri,21-Oct,3054405,86498,2.8,245,0.076254931,6168187
26,Missouri,21-Nov,3036287,77811,2.6,213,0.067161158,6168187
26,Missouri,21-Dec,3053267,83243,2.7,206,0.064860971,6168187
27,Montana,20-Jan,538957,24873,4.6,25,0.046374962,1086193
27,Montana,20-Feb,542851,22794,4.2,22,0.040586138,1086193
27,Montana,20-Mar,539456,25551,4.7,22,0.041052052,1086193
27,Montana,20-Apr,538926,64616,12,23,0.046248819,1086193
27,Montana,20-May,528665,46920,8.9,27,0.053071775,1086193
27,Montana,20-Jun,556096,40464,7.3,24,0.044474753,1086193
27,Montana,20-Jul,552688,34476,6.2,28,0.051262147,1086193
27,Montana,20-Aug,547995,28535,5.2,24,0.044161484,1086193
27,Montana,20-Sep,540272,24489,4.5,26,0.047989693,1086193
27,Montana,20-Oct,535846,21997,4.1,25,0.046395187,1086193
27,Montana,20-Nov,532562,22824,4.3,22,0.041373759,1086193
27,Montana,20-Dec,524275,23912,4.6,27,0.051198131,1086193
27,Montana,21-Jan,525782,26492,5,26,0.049496469,1104271
27,Montana,21-Feb,528910,26270,5,25,0.04738079,1104271
27,Montana,21-Mar,530088,23387,4.4,33,0.061144967,1104271
27,Montana,21-Apr,535765,20829,3.9,42,0.075412615,1104271
27,Montana,21-May,541155,17431,3.2,46,0.08074085,1104271
27,Montana,21-Jun,548509,21817,4,42,0.073853685,1104271
27,Montana,21-Jul,549555,17489,3.2,45,0.077980682,1104271
27,Montana,21-Aug,548165,15655,2.9,39,0.068240276,1104271
27,Montana,21-Sep,541696,10432,1.9,38,0.06675286,1104271
27,Montana,21-Oct,543180,10543,1.9,42,0.07308962,1104271
27,Montana,21-Nov,542991,10294,1.9,35,0.061652607,1104271
27,Montana,21-Dec,541665,10477,1.9,43,0.074888364,1104271
28,Nebraska,20-Jan,1037068,33639,3.2,49,0.04655896,1961455
28,Nebraska,20-Feb,1044596,31919,3.1,48,0.045254116,1961455
28,Nebraska,20-Mar,1039301,36687,3.5,42,0.040206239,1961455
28,Nebraska,20-Apr,1048382,77217,7.4,40,0.039558331,1961455
28,Nebraska,20-May,1033445,56164,5.4,32,0.031705739,1961455
28,Nebraska,20-Jun,1056456,69618,6.6,36,0.035196189,1961455
28,Nebraska,20-Jul,1042865,49400,4.7,55,0.05245764,1961455
28,Nebraska,20-Aug,1031473,39782,3.9,43,0.041558301,1961455
28,Nebraska,20-Sep,1023637,37866,3.7,48,0.046431947,1961455
28,Nebraska,20-Oct,1026253,32565,3.2,52,0.049728026,1961455
28,Nebraska,20-Nov,1023234,29853,2.9,51,0.048832754,1961455
28,Nebraska,20-Dec,1015391,30738,3,45,0.043704044,1961455
28,Nebraska,21-Jan,1012653,32188,3.2,50,0.048521784,1963692
28,Nebraska,21-Feb,1013732,32022,3.2,53,0.051222082,1963692
28,Nebraska,21-Mar,1014719,28747,2.8,60,0.057362912,1963692
28,Nebraska,21-Apr,1013887,23235,2.3,70,0.065997141,1963692
28,Nebraska,21-May,1023051,23669,2.3,56,0.053061356,1963692
28,Nebraska,21-Jun,1033960,27696,2.7,55,0.051824994,1963692
28,Nebraska,21-Jul,1034150,21733,2.1,75,0.068970781,1963692
28,Nebraska,21-Aug,1022109,18765,1.8,67,0.062596698,1963692
28,Nebraska,21-Sep,1018937,14236,1.4,73,0.067736784,1963692
28,Nebraska,21-Oct,1025009,14121,1.4,80,0.073334751,1963692
28,Nebraska,21-Nov,1026620,12038,1.2,72,0.066262832,1963692
28,Nebraska,21-Dec,1025634,13055,1.3,68,0.062929226,1963692
29,Nevada,20-Jan,1595413,62083,3.9,75,0.046632221,3114071
29,Nevada,20-Feb,1611382,57476,3.6,60,0.037176886,3114071
29,Nevada,20-Mar,1586360,105533,6.7,62,0.04018597,3114071
29,Nevada,20-Apr,1491235,442479,29.7,42,0.038505404,3114071
29,Nevada,20-May,1434996,353210,24.6,50,0.044177963,3114071
29,Nevada,20-Jun,1501397,232481,15.5,72,0.053694639,3114071
29,Nevada,20-Jul,1514424,254963,16.8,80,0.059725516,3114071
29,Nevada,20-Aug,1523321,219299,14.4,70,0.050945327,3114071
29,Nevada,20-Sep,1539088,200711,13,72,0.05105018,3114071
29,Nevada,20-Oct,1545346,179300,11.6,84,0.057929197,3114071
29,Nevada,20-Nov,1513547,126448,8.4,59,0.04079942,3114071
29,Nevada,20-Dec,1513944,123484,8.2,55,0.038050171,3114071
29,Nevada,21-Jan,1529355,128680,8.4,78,0.052749928,3143991
29,Nevada,21-Feb,1552065,124289,8,78,0.051800533,3143991
29,Nevada,21-Mar,1549050,118623,7.7,104,0.067777744,3143991
29,Nevada,21-Apr,1553171,122685,7.9,91,0.059809949,3143991
29,Nevada,21-May,1563823,120651,7.7,118,0.075584241,3143991
29,Nevada,21-Jun,1560223,129648,8.3,157,0.098892966,3143991
29,Nevada,21-Jul,1547673,126825,8.2,157,0.099502614,3143991
29,Nevada,21-Aug,1533153,109883,7.2,121,0.078354174,3143991
29,Nevada,21-Sep,1532268,97560,6.4,110,0.07121087,3143991
29,Nevada,21-Oct,1547260,87786,5.7,121,0.076559311,3143991
29,Nevada,21-Nov,1542205,83495,5.4,101,0.064755628,3143991
29,Nevada,21-Dec,1536416,79986,5.2,93,0.060022073,3143991
30,New Hampshire,20-Jan,774595,23709,3.1,34,0.043318393,1377848
30,New Hampshire,20-Feb,773709,22946,3,34,0.043325182,1377848
30,New Hampshire,20-Mar,766392,24141,3.1,32,0.041330266,1377848
30,New Hampshire,20-Apr,728134,117573,16.1,29,0.045343603,1377848
30,New Hampshire,20-May,759191,102490,13.5,31,0.04507773,1377848
30,New Hampshire,20-Jun,766230,78038,10.2,34,0.047078893,1377848
30,New Hampshire,20-Jul,770338,62617,8.1,33,0.044551187,1377848
30,New Hampshire,20-Aug,768870,48630,6.3,34,0.04507849,1377848
30,New Hampshire,20-Sep,758568,40858,5.4,29,0.038837032,1377848
30,New Hampshire,20-Oct,757004,31922,4.2,32,0.042267548,1377848
30,New Hampshire,20-Nov,759782,30055,4,32,0.042009801,1377848
30,New Hampshire,20-Dec,757970,27997,3.7,34,0.044504191,1377848
30,New Hampshire,21-Jan,755494,30588,4,32,0.042277377,1388992
30,New Hampshire,21-Feb,752724,23667,3.1,38,0.049539995,1388992
30,New Hampshire,21-Mar,749468,23691,3.2,46,0.059602709,1388992
30,New Hampshire,21-Apr,742918,19832,2.7,50,0.064675858,1388992
30,New Hampshire,21-May,742141,17586,2.4,58,0.074116196,1388992
30,New Hampshire,21-Jun,750038,23431,3.1,59,0.075101164,1388992
30,New Hampshire,21-Jul,760531,25914,3.4,63,0.078985277,1388992
30,New Hampshire,21-Aug,756979,21503,2.8,59,0.074262785,1388992
30,New Hampshire,21-Sep,742973,17896,2.4,50,0.06450972,1388992
30,New Hampshire,21-Oct,736745,16124,2.2,48,0.062449504,1388992
30,New Hampshire,21-Nov,741833,15601,2.1,56,0.071590014,1388992
30,New Hampshire,21-Dec,743280,16248,2.2,62,0.078577295,1388992
31,New Jersey,20-Jan,4568369,186718,4.1,190,0.041560478,9279743
31,New Jersey,20-Feb,4596012,181355,3.9,186,0.040429008,9279743
31,New Jersey,20-Mar,4560340,189899,4.2,152,0.033610168,9279743
31,New Jersey,20-Apr,4439001,729319,16.4,153,0.039609784,9279743
31,New Jersey,20-May,4467266,742793,16.6,154,0.039706348,9279743
31,New Jersey,20-Jun,4521304,729247,16.1,189,0.047474829,9279743
31,New Jersey,20-Jul,4657034,631398,13.6,197,0.046653323,9279743
31,New Jersey,20-Aug,4548021,494604,10.9,172,0.040706042,9279743
31,New Jersey,20-Sep,4348286,333020,7.7,207,0.049025807,9279743
31,New Jersey,20-Oct,4370856,310742,7.1,224,0.05228619,9279743
31,New Jersey,20-Nov,4492693,433421,9.6,213,0.049856376,9279743
31,New Jersey,20-Dec,4372811,316353,7.2,201,0.04721127,9279743
31,New Jersey,21-Jan,4373251,349321,8,201,0.047574753,9267130
31,New Jersey,21-Feb,4403221,363133,8.2,219,0.051419459,9267130
31,New Jersey,21-Mar,4439157,346824,7.8,288,0.065748426,9267130
31,New Jersey,21-Apr,4391801,310460,7.1,278,0.063771107,9267130
31,New Jersey,21-May,4396150,307149,7,263,0.060431971,9267130
31,New Jersey,21-Jun,4480044,353621,7.9,291,0.065875512,9267130
31,New Jersey,21-Jul,4496967,339199,7.5,333,0.074152127,9267130
31,New Jersey,21-Aug,4446146,308503,6.9,317,0.071161707,9267130
31,New Jersey,21-Sep,4388170,276019,6.3,298,0.067571382,9267130
31,New Jersey,21-Oct,4429491,240785,5.4,309,0.068701689,9267130
31,New Jersey,21-Nov,4428115,231957,5.2,272,0.060875197,9267130
31,New Jersey,21-Dec,4451722,218613,4.9,293,0.064735516,9267130
32,New Mexico,20-Jan,962250,49768,5.2,53,0.054894861,2117566
32,New Mexico,20-Feb,966815,49236,5.1,39,0.040770287,2117566
32,New Mexico,20-Mar,955595,52848,5.5,35,0.0373235,2117566
32,New Mexico,20-Apr,904428,88126,9.7,40,0.046712492,2117566
32,New Mexico,20-May,905575,90120,10,29,0.034341676,2117566
32,New Mexico,20-Jun,914023,93336,10.2,31,0.036398348,2117566
32,New Mexico,20-Jul,945825,126619,13.4,42,0.04876882,2117566
32,New Mexico,20-Aug,915617,85672,9.4,43,0.049258544,2117566
32,New Mexico,20-Sep,961466,82725,8.6,42,0.045615434,2117566
32,New Mexico,20-Oct,960387,76687,8,44,0.047429126,2117566
32,New Mexico,20-Nov,963799,77740,8.1,35,0.037999737,2117566
32,New Mexico,20-Dec,963668,80079,8.3,35,0.038101915,2117566
32,New Mexico,21-Jan,952128,86334,9.1,48,0.05252825,2115877
32,New Mexico,21-Feb,955199,78941,8.3,42,0.045738779,2115877
32,New Mexico,21-Mar,947280,75222,7.9,51,0.055251133,2115877
32,New Mexico,21-Apr,949169,72165,7.6,60,0.064033878,2115877
32,New Mexico,21-May,946233,69614,7.4,46,0.049858067,2115877
32,New Mexico,21-Jun,956885,80023,8.4,55,0.059021615,2115877
32,New Mexico,21-Jul,957319,73983,7.7,70,0.073426368,2115877
32,New Mexico,21-Aug,950216,59845,6.3,73,0.075775584,2115877
32,New Mexico,21-Sep,945693,54704,5.8,67,0.069938173,2115877
32,New Mexico,21-Oct,952226,50208,5.3,72,0.073920605,2115877
32,New Mexico,21-Nov,958170,50399,5.3,56,0.058105089,2115877
32,New Mexico,21-Dec,959857,46449,4.8,53,0.054842261,2115877
33,New York,20-Jan,9529605,394915,4.1,422,0.044157548,20154933
33,New York,20-Feb,9524311,394346,4.1,375,0.039453065,20154933
33,New York,20-Mar,9463134,419555,4.4,348,0.037054472,20154933
33,New York,20-Apr,8801907,1429063,16.2,282,0.036839418,20154933
33,New York,20-May,8919480,1401883,15.7,306,0.039112444,20154933
33,New York,20-Jun,9332324,1377368,14.8,334,0.04029458,20154933
33,New York,20-Jul,9462424,1400143,14.8,415,0.048954376,20154933
33,New York,20-Aug,9477391,1096540,11.6,367,0.041953161,20154933
33,New York,20-Sep,9303744,916728,9.9,329,0.037746603,20154933
33,New York,20-Oct,9195073,761164,8.3,351,0.039954882,20154933
33,New York,20-Nov,9231677,763468,8.3,328,0.037288791,20154933
33,New York,20-Dec,9228985,782807,8.5,306,0.034962726,20154933
33,New York,21-Jan,9184419,862734,9.4,343,0.039585975,19835913
33,New York,21-Feb,9215509,889674,9.7,376,0.043209277,19835913
33,New York,21-Mar,9436191,796730,8.4,422,0.046570857,19835913
33,New York,21-Apr,9385870,724778,7.7,562,0.060934012,19835913
33,New York,21-May,9276229,648311,7,519,0.056740423,19835913
33,New York,21-Jun,9395356,679824,7.2,546,0.05895353,19835913
33,New York,21-Jul,9382033,689652,7.4,706,0.075119321,19835913
33,New York,21-Aug,9335246,662810,7.1,581,0.062787488,19835913
33,New York,21-Sep,9247695,578011,6.3,553,0.059960853,19835913
33,New York,21-Oct,9254848,548869,5.9,567,0.061145399,19835913
33,New York,21-Nov,9188192,509064,5.5,614,0.066070326,19835913
33,New York,21-Dec,9140537,457306,5,548,0.059363697,19835913
34,North Carolina,20-Jan,5072275,184959,3.6,225,0.044011364,10457177
34,North Carolina,20-Feb,5112398,174325,3.4,217,0.042094457,10457177
34,North Carolina,20-Mar,4890781,193957,4,175,0.035920838,10457177
34,North Carolina,20-Apr,4660070,613315,13.2,168,0.039859968,10457177
34,North Carolina,20-May,4812007,659606,13.7,178,0.041104738,10457177
34,North Carolina,20-Jun,4846452,432333,8.9,200,0.043345219,10457177
34,North Carolina,20-Jul,4977349,460754,9.3,229,0.048255277,10457177
34,North Carolina,20-Aug,4913809,337266,6.9,206,0.043073319,10457177
34,North Carolina,20-Sep,5016045,357508,7.1,230,0.047048841,10457177
34,North Carolina,20-Oct,5053339,325068,6.4,264,0.052881745,10457177
34,North Carolina,20-Nov,5038460,315198,6.3,198,0.040233582,10457177
34,North Carolina,20-Dec,5017316,307133,6.1,212,0.043070321,10457177
34,North Carolina,21-Jan,4972173,296491,6,289,0.05821118,10551162
34,North Carolina,21-Feb,5001539,280026,5.6,275,0.055038384,10551162
34,North Carolina,21-Mar,4991166,228648,4.6,301,0.059444837,10551162
34,North Carolina,21-Apr,4974688,218069,4.4,333,0.065427294,10551162
34,North Carolina,21-May,4959692,222385,4.5,283,0.056371055,10551162
34,North Carolina,21-Jun,5038055,247429,4.9,363,0.070435845,10551162
34,North Carolina,21-Jul,5049442,232513,4.6,372,0.071691095,10551162
34,North Carolina,21-Aug,5026291,221150,4.4,366,0.070777416,10551162
34,North Carolina,21-Sep,5055808,190792,3.8,333,0.064062904,10551162
34,North Carolina,21-Oct,5070465,186207,3.7,365,0.069533637,10551162
34,North Carolina,21-Nov,5066946,170585,3.4,336,0.064215753,10551162
34,North Carolina,21-Dec,5070354,160692,3.2,347,0.066011473,10551162
35,North Dakota,20-Jan,402870,11895,3,22,0.05327199,778962
35,North Dakota,20-Feb,405223,11444,2.8,23,0.055185122,778962
35,North Dakota,20-Mar,402014,12846,3.2,19,0.04654946,778962
35,North Dakota,20-Apr,406306,36163,8.9,16,0.041435427,778962
35,North Dakota,20-May,413655,34839,8.4,20,0.050148439,778962
35,North Dakota,20-Jun,413557,25997,6.3,17,0.042020961,778962
35,North Dakota,20-Jul,413915,24952,6,19,0.046572851,778962
35,North Dakota,20-Aug,415991,24206,5.8,19,0.046252906,778962
35,North Dakota,20-Sep,406373,16530,4.1,19,0.046472607,778962
35,North Dakota,20-Oct,404500,15099,3.7,21,0.051169466,778962
35,North Dakota,20-Nov,400126,17049,4.3,16,0.040092513,778962
35,North Dakota,20-Dec,397541,18974,4.8,17,0.042976285,778962
35,North Dakota,21-Jan,397376,19972,5,20,0.05032662,774948
35,North Dakota,21-Feb,400731,21993,5.5,20,0.050158249,774948
35,North Dakota,21-Mar,400061,19238,4.8,22,0.054614558,774948
35,North Dakota,21-Apr,401220,16351,4.1,29,0.070070481,774948
35,North Dakota,21-May,405492,14211,3.5,32,0.075599897,774948
35,North Dakota,21-Jun,410357,18209,4.4,26,0.062178941,774948
35,North Dakota,21-Jul,411327,14950,3.6,28,0.06597907,774948
35,North Dakota,21-Aug,406639,13032,3.2,30,0.070820359,774948
35,North Dakota,21-Sep,404257,10475,2.6,33,0.077322849,774948
35,North Dakota,21-Oct,401862,9291,2.3,34,0.079705371,774948
35,North Dakota,21-Nov,399379,9994,2.5,28,0.067084347,774948
35,North Dakota,21-Dec,396900,10987,2.8,29,0.069894171,774948
36,Ohio,20-Jan,5846906,304717,5.2,247,0.042665734,11790587
36,Ohio,20-Feb,5882748,292656,5,250,0.042807545,11790587
36,Ohio,20-Mar,5821848,337584,5.8,211,0.037048326,11790587
36,Ohio,20-Apr,5521458,921291,16.7,202,0.042064343,11790587
36,Ohio,20-May,5805415,846651,14.6,228,0.043958044,11790587
36,Ohio,20-Jun,5738491,590656,10.3,241,0.044722097,11790587
36,Ohio,20-Jul,5803597,551931,9.5,254,0.046134291,11790587
36,Ohio,20-Aug,5850096,505548,8.6,241,0.043147065,11790587
36,Ohio,20-Sep,5669149,413661,7.3,240,0.043672191,11790587
36,Ohio,20-Oct,5707208,282046,4.9,267,0.046906606,11790587
36,Ohio,20-Nov,5719557,278828,4.9,236,0.041573237,11790587
36,Ohio,20-Dec,5684962,300053,5.3,211,0.037706117,11790587
36,Ohio,21-Jan,5690274,343463,6,244,0.043643042,11780017
36,Ohio,21-Feb,5704897,316838,5.6,276,0.048728306,11780017
36,Ohio,21-Mar,5719585,278590,4.9,298,0.051925468,11780017
36,Ohio,21-Apr,5760125,274461,4.8,333,0.057229632,11780017
36,Ohio,21-May,5523857,277897,5,330,0.059182634,11780017
36,Ohio,21-Jun,5648630,353669,6.3,337,0.059837062,11780017
36,Ohio,21-Jul,5699962,337903,5.9,420,0.072638484,11780017
36,Ohio,21-Aug,5684431,290837,5.1,342,0.059627651,11780017
36,Ohio,21-Sep,5653113,245635,4.3,374,0.064689341,11780017
36,Ohio,21-Oct,5688836,216864,3.8,437,0.073955334,11780017
36,Ohio,21-Nov,5682965,195679,3.4,415,0.07031174,11780017
36,Ohio,21-Dec,5679536,190546,3.4,360,0.061549088,11780017
37,Oklahoma,20-Jan,1847668,60105,3.3,85,0.045392331,3962031
37,Oklahoma,20-Feb,1851114,57949,3.1,75,0.040146347,3962031
37,Oklahoma,20-Mar,1834662,61962,3.4,72,0.039030737,3962031
37,Oklahoma,20-Apr,1805213,230094,12.7,84,0.05062928,3962031
37,Oklahoma,20-May,1833616,180775,9.9,78,0.045064798,3962031
37,Oklahoma,20-Jun,1852569,155285,8.4,74,0.041777603,3962031
37,Oklahoma,20-Jul,1851561,135038,7.3,91,0.050345141,3962031
37,Oklahoma,20-Aug,1851733,112985,6.1,87,0.047651702,3962031
37,Oklahoma,20-Sep,1864238,103246,5.5,77,0.041893545,3962031
37,Oklahoma,20-Oct,1863676,91394,4.9,88,0.047304656,3962031
37,Oklahoma,20-Nov,1872237,88211,4.7,71,0.038274396,3962031
37,Oklahoma,20-Dec,1853534,85689,4.6,72,0.039133731,3962031
37,Oklahoma,21-Jan,1864127,94797,5.1,89,0.047892463,3986639
37,Oklahoma,21-Feb,1863302,95622,5.1,86,0.0463942,3986639
37,Oklahoma,21-Mar,1855835,77150,4.2,102,0.054235558,3986639
37,Oklahoma,21-Apr,1841830,66435,3.6,137,0.07163792,3986639
37,Oklahoma,21-May,1864977,63838,3.4,104,0.054589193,3986639
37,Oklahoma,21-Jun,1876246,71010,3.8,118,0.061354925,3986639
37,Oklahoma,21-Jul,1866548,57548,3.1,119,0.061721992,3986639
37,Oklahoma,21-Aug,1852559,52360,2.8,106,0.055608045,3986639
37,Oklahoma,21-Sep,1858409,37895,2,128,0.065691086,3986639
37,Oklahoma,21-Oct,1864489,37589,2,133,0.067860605,3986639
37,Oklahoma,21-Nov,1871217,35558,1.9,104,0.053617672,3986639
37,Oklahoma,21-Dec,1862935,33412,1.8,105,0.054276946,3986639
38,Oregon,20-Jan,2090607,77971,3.7,109,0.051375448,4241544
38,Oregon,20-Feb,2106874,75501,3.6,109,0.050925703,4241544
38,Oregon,20-Mar,2098879,89389,4.3,92,0.043778462,4241544
38,Oregon,20-Apr,2035126,267428,13.1,75,0.040701189,4241544
38,Oregon,20-May,2111005,245554,11.6,66,0.034171201,4241544
38,Oregon,20-Jun,2142246,221839,10.4,80,0.039991862,4241544
38,Oregon,20-Jul,2054752,204520,10,106,0.054185802,4241544
38,Oregon,20-Aug,2110616,176159,8.3,102,0.050086989,4241544
38,Oregon,20-Sep,2116300,155374,7.3,106,0.051283887,4241544
38,Oregon,20-Oct,2128309,137983,6.5,102,0.048749573,4241544
38,Oregon,20-Nov,2133389,129959,6.1,99,0.047088369,4241544
38,Oregon,20-Dec,2127775,131658,6.2,79,0.038070143,4241544
38,Oregon,21-Jan,2125111,150147,7.1,107,0.05139378,4246155
38,Oregon,21-Feb,2135709,142236,6.7,110,0.052294467,4246155
38,Oregon,21-Mar,2156640,143776,6.7,122,0.057146497,4246155
38,Oregon,21-Apr,2155161,126731,5.9,127,0.058920958,4246155
38,Oregon,21-May,2160642,113930,5.3,126,0.057992039,4246155
38,Oregon,21-Jun,2171802,112591,5.2,144,0.065359151,4246155
38,Oregon,21-Jul,2190809,105813,4.8,195,0.085526466,4246155
38,Oregon,21-Aug,2177183,98775,4.5,159,0.071064374,4246155
38,Oregon,21-Sep,2174392,90411,4.2,149,0.066726945,4246155
38,Oregon,21-Oct,2171576,74604,3.4,152,0.067586435,4246155
38,Oregon,21-Nov,2170491,74448,3.4,125,0.056279865,4246155
38,Oregon,21-Dec,2166263,78329,3.6,133,0.059884715,4246155
39,Pennsylvania,20-Jan,6505710,325704,5,275,0.042602594,12989625
39,Pennsylvania,20-Feb,6528280,328362,5,247,0.038312881,12989625
39,Pennsylvania,20-Mar,6471607,361564,5.6,223,0.035212141,12989625
39,Pennsylvania,20-Apr,6247158,995987,15.9,223,0.040736762,12989625
39,Pennsylvania,20-May,6414340,881094,13.7,218,0.03790483,12989625
39,Pennsylvania,20-Jun,6455636,854532,13.2,252,0.043054079,12989625
39,Pennsylvania,20-Jul,6516443,879551,13.5,282,0.047644052,12989625
39,Pennsylvania,20-Aug,6307843,646398,10.2,266,0.044875996,12989625
39,Pennsylvania,20-Sep,6331317,444222,7,274,0.044472614,12989625
39,Pennsylvania,20-Oct,6316802,403395,6.4,324,0.051944662,12989625
39,Pennsylvania,20-Nov,6303477,408218,6.5,255,0.041461669,12989625
39,Pennsylvania,20-Dec,6255815,430100,6.9,236,0.038932876,12989625
39,Pennsylvania,21-Jan,6242716,499400,8,278,0.046169309,12964056
39,Pennsylvania,21-Feb,6322924,502160,7.9,296,0.048391601,12964056
39,Pennsylvania,21-Mar,6284958,456221,7.3,380,0.061204074,12964056
39,Pennsylvania,21-Apr,6233518,392554,6.3,412,0.065888753,12964056
39,Pennsylvania,21-May,6242761,354685,5.7,463,0.072901033,12964056
39,Pennsylvania,21-Jun,6327433,403157,6.4,431,0.067817668,12964056
39,Pennsylvania,21-Jul,6363999,428251,6.7,475,0.074094318,12964056
39,Pennsylvania,21-Aug,6318696,416980,6.6,442,0.06967525,12964056
39,Pennsylvania,21-Sep,6259553,336615,5.4,420,0.066215372,12964056
39,Pennsylvania,21-Oct,6272447,307464,4.9,428,0.066948403,12964056
39,Pennsylvania,21-Nov,6222776,270172,4.3,394,0.062080445,12964056
39,Pennsylvania,21-Dec,6141644,244515,4,463,0.072797266,12964056
40,Rhode Island,20-Jan,559850,24384,4.4,22,0.03946429,1096229
40,Rhode Island,20-Feb,562428,24047,4.3,23,0.040970393,1096229
40,Rhode Island,20-Mar,558186,27014,4.8,19,0.034534655,1096229
40,Rhode Island,20-Apr,537571,94316,17.5,18,0.039023967,1096229
40,Rhode Island,20-May,518972,70540,13.6,23,0.048787524,1096229
40,Rhode Island,20-Jun,515414,52775,10.2,27,0.055142666,1096229
40,Rhode Island,20-Jul,538898,74281,13.8,22,0.045210093,1096229
40,Rhode Island,20-Aug,535226,67083,12.5,22,0.04488486,1096229
40,Rhode Island,20-Sep,557852,57597,10.3,21,0.040287383,1096229
40,Rhode Island,20-Oct,535404,34464,6.4,26,0.049341481,1096229
40,Rhode Island,20-Nov,541086,41554,7.7,21,0.040343341,1096229
40,Rhode Island,20-Dec,539265,41962,7.8,19,0.036800096,1096229
40,Rhode Island,21-Jan,541026,45941,8.5,23,0.04439426,1095610
40,Rhode Island,21-Feb,536759,42248,7.9,26,0.049950914,1095610
40,Rhode Island,21-Mar,539706,38993,7.2,28,0.052958789,1095610
40,Rhode Island,21-Apr,533353,26944,5.1,34,0.06291531,1095610
40,Rhode Island,21-May,536446,29453,5.5,38,0.069725666,1095610
40,Rhode Island,21-Jun,536901,31134,5.8,46,0.083368523,1095610
40,Rhode Island,21-Jul,539649,31277,5.8,39,0.071249534,1095610
40,Rhode Island,21-Aug,535607,32452,6.1,40,0.073643803,1095610
40,Rhode Island,21-Sep,574862,25182,4.4,39,0.066249915,1095610
40,Rhode Island,21-Oct,549525,22709,4.1,40,0.070569638,1095610
40,Rhode Island,21-Nov,556597,23032,4.1,35,0.061558485,1095610
40,Rhode Island,21-Dec,551653,20611,3.7,35,0.061832868,1095610
41,South Carolina,20-Jan,2359513,73251,3.1,117,0.048683831,5130729
41,South Carolina,20-Feb,2368555,70660,3,100,0.041703244,5130729
41,South Carolina,20-Mar,2354415,73206,3.1,94,0.039575465,5130729
41,South Carolina,20-Apr,2339790,258154,11,97,0.044523271,5130729
41,South Carolina,20-May,2370836,270209,11.4,89,0.040646192,5130729
41,South Carolina,20-Jun,2424628,188372,7.8,106,0.045255514,5130729
41,South Carolina,20-Jul,2454331,193284,7.9,116,0.048800045,5130729
41,South Carolina,20-Aug,2414177,130920,5.4,113,0.047156878,5130729
41,South Carolina,20-Sep,2411907,122607,5.1,121,0.05020122,5130729
41,South Carolina,20-Oct,2429463,121135,5,131,0.053703315,5130729
41,South Carolina,20-Nov,2339424,126142,5.4,108,0.046526015,5130729
41,South Carolina,20-Dec,2348040,138256,5.9,110,0.047418208,5130729
41,South Carolina,21-Jan,2341048,126343,5.4,144,0.061050449,5190705
41,South Carolina,21-Feb,2379174,122983,5.2,127,0.053289896,5190705
41,South Carolina,21-Mar,2392634,114498,4.8,141,0.058285272,5190705
41,South Carolina,21-Apr,2371533,103615,4.4,182,0.074288201,5190705
41,South Carolina,21-May,2382290,86388,3.6,175,0.070824339,5190705
41,South Carolina,21-Jun,2430838,108434,4.5,166,0.066709425,5190705
41,South Carolina,21-Jul,2439076,104586,4.3,199,0.078547774,5190705
41,South Carolina,21-Aug,2416939,101911,4.2,182,0.072886648,5190705
41,South Carolina,21-Sep,2391009,78040,3.3,182,0.072946798,5190705
41,South Carolina,21-Oct,2397314,73978,3.1,194,0.077065596,5190705
41,South Carolina,21-Nov,2385004,72000,3,155,0.062803788,5190705
41,South Carolina,21-Dec,2391893,79575,3.3,159,0.064338139,5190705
42,South Dakota,20-Jan,457217,14934,3.3,19,0.041189465,887099
42,South Dakota,20-Feb,460964,14905,3.2,20,0.042913022,887099
42,South Dakota,20-Mar,459393,16100,3.5,16,0.03483615,887099
42,South Dakota,20-Apr,466394,44088,9.5,17,0.0386974,887099
42,South Dakota,20-May,459424,32727,7.1,15,0.033959932,887099
42,South Dakota,20-Jun,462485,26559,5.7,16,0.035404026,887099
42,South Dakota,20-Jul,461807,23651,5.1,21,0.04573609,887099
42,South Dakota,20-Aug,459134,21131,4.6,20,0.043667836,887099
42,South Dakota,20-Sep,475314,17295,3.6,22,0.045831519,887099
42,South Dakota,20-Oct,474621,14963,3.2,24,0.04962184,887099
42,South Dakota,20-Nov,454960,15193,3.3,20,0.043500295,887099
42,South Dakota,20-Dec,467353,16585,3.5,20,0.042483771,887099
42,South Dakota,21-Jan,461290,15102,3.3,21,0.044949785,895376
42,South Dakota,21-Feb,468708,16798,3.6,22,0.046422316,895376
42,South Dakota,21-Mar,466364,15200,3.3,26,0.054488603,895376
42,South Dakota,21-Apr,468642,14000,3,36,0.073373254,895376
42,South Dakota,21-May,471767,13489,2.9,26,0.053688171,895376
42,South Dakota,21-Jun,479161,15980,3.3,26,0.053150061,895376
42,South Dakota,21-Jul,479266,12686,2.6,30,0.060413226,895376
42,South Dakota,21-Aug,475612,13596,2.9,30,0.060973627,895376
42,South Dakota,21-Sep,468829,10093,2.2,33,0.067109181,895376
42,South Dakota,21-Oct,472340,10988,2.3,36,0.072383342,895376
42,South Dakota,21-Nov,470079,10015,2.1,29,0.059296943,895376
42,South Dakota,21-Dec,467186,11073,2.4,30,0.061714046,895376
43,Tennessee,20-Jan,3332953,132499,4,137,0.041049255,6920119
43,Tennessee,20-Feb,3341965,128090,3.8,153,0.045442733,6920119
43,Tennessee,20-Mar,3306102,142819,4.3,140,0.042382079,6920119
43,Tennessee,20-Apr,3161316,492948,15.6,114,0.040972294,6920119
43,Tennessee,20-May,3149838,307225,9.8,138,0.046299201,6920119
43,Tennessee,20-Jun,3185318,315155,9.9,145,0.048090269,6920119
43,Tennessee,20-Jul,3184398,298721,9.4,157,0.051599299,6920119
43,Tennessee,20-Aug,3371004,262028,7.8,149,0.045733916,6920119
43,Tennessee,20-Sep,3379104,256163,7.6,143,0.043785237,6920119
43,Tennessee,20-Oct,3405856,253529,7.4,147,0.044554541,6920119
43,Tennessee,20-Nov,3330759,171327,5.1,135,0.040978232,6920119
43,Tennessee,20-Dec,3324493,185878,5.6,129,0.039478335,6920119
43,Tennessee,21-Jan,3306225,177062,5.4,151,0.046034298,6975218
43,Tennessee,21-Feb,3298451,160386,4.9,149,0.045329192,6975218
43,Tennessee,21-Mar,3299464,168629,5.1,191,0.057498341,6975218
43,Tennessee,21-Apr,3327729,155488,4.7,213,0.062920188,6975218
43,Tennessee,21-May,3335691,151353,4.5,206,0.060760903,6975218
43,Tennessee,21-Jun,3346722,187741,5.6,215,0.063722943,6975218
43,Tennessee,21-Jul,3354367,156612,4.7,239,0.069542344,6975218
43,Tennessee,21-Aug,3316555,141341,4.3,240,0.070273781,6975218
43,Tennessee,21-Sep,3286432,116084,3.5,227,0.066816823,6975218
43,Tennessee,21-Oct,3296326,110246,3.3,249,0.072487395,6975218
43,Tennessee,21-Nov,3325345,102585,3.1,220,0.063902218,6975218
43,Tennessee,21-Dec,3348942,109741,3.3,197,0.057330756,6975218
44,Texas,20-Jan,14161146,526436,3.7,513,0.036260285,29217653
44,Texas,20-Feb,14262779,501576,3.5,522,0.036546424,29217653
44,Texas,20-Mar,13953661,704889,5.1,404,0.02959106,29217653
44,Texas,20-Apr,13326311,1698726,12.7,344,0.028734708,29217653
44,Texas,20-May,13549965,1592840,11.8,378,0.030644197,29217653
44,Texas,20-Jun,14074215,1454139,10.3,448,0.034282017,29217653
44,Texas,20-Jul,14010729,1349002,9.6,508,0.038573313,29217653
44,Texas,20-Aug,14090773,973671,6.9,539,0.039469535,29217653
44,Texas,20-Sep,13993842,1116437,8,622,0.046076105,29217653
44,Texas,20-Oct,14186427,976056,6.9,620,0.044828877,29217653
44,Texas,20-Nov,14050100,973462,6.9,548,0.040221252,29217653
44,Texas,20-Dec,14139874,948550,6.7,486,0.035533267,29217653
44,Texas,21-Jan,14026650,1025977,7.3,551,0.040659187,29527941
44,Texas,21-Feb,14047933,1058776,7.5,582,0.042885069,29527941
44,Texas,21-Mar,14094131,1006954,7.1,697,0.050565224,29527941
44,Texas,21-Apr,14060909,897924,6.4,835,0.059651443,29527941
44,Texas,21-May,14068550,836369,5.9,822,0.058487933,29527941
44,Texas,21-Jun,14126847,939920,6.7,928,0.065746001,29527941
44,Texas,21-Jul,14191587,850567,6,1006,0.070119091,29527941
44,Texas,21-Aug,14191262,758342,5.3,936,0.065140595,29527941
44,Texas,21-Sep,14253139,704154,4.9,848,0.058901221,29527941
44,Texas,21-Oct,14315600,681119,4.8,950,0.065137731,29527941
44,Texas,21-Nov,14429974,654763,4.5,843,0.057667795,29527941
44,Texas,21-Dec,14398693,612738,4.3,790,0.05419885,29527941
45,Utah,20-Jan,1629243,43232,2.7,80,0.048018891,3281684
45,Utah,20-Feb,1640139,43633,2.7,71,0.042578557,3281684
45,Utah,20-Mar,1626054,47156,2.9,64,0.038955553,3281684
45,Utah,20-Apr,1611373,163709,10.2,85,0.055458992,3281684
45,Utah,20-May,1579138,120686,7.6,65,0.042666261,3281684
45,Utah,20-Jun,1653637,106325,6.4,56,0.0349277,3281684
45,Utah,20-Jul,1648720,91049,5.5,72,0.044180697,3281684
45,Utah,20-Aug,1646330,78638,4.8,67,0.040986314,3281684
45,Utah,20-Sep,1641771,66216,4,67,0.040790111,3281684
45,Utah,20-Oct,1637265,55454,3.4,71,0.04295712,3281684
45,Utah,20-Nov,1643253,51990,3.2,62,0.037501595,3281684
45,Utah,20-Dec,1629656,49109,3,72,0.043569109,3281684
45,Utah,21-Jan,1641309,56740,3.5,81,0.048632029,3337975
45,Utah,21-Feb,1641809,59216,3.6,83,0.049832102,3337975
45,Utah,21-Mar,1636759,46785,2.9,87,0.051879159,3337975
45,Utah,21-Apr,1642115,46280,2.8,139,0.080122894,3337975
45,Utah,21-May,1665629,45109,2.7,108,0.062481198,3337975
45,Utah,21-Jun,1676942,51466,3.1,104,0.060133821,3337975
45,Utah,21-Jul,1672081,44211,2.6,143,0.080751269,3337975
45,Utah,21-Aug,1674737,42373,2.5,121,0.0690102,3337975
45,Utah,21-Sep,1678874,26304,1.6,107,0.060810312,3337975
45,Utah,21-Oct,1690509,23707,1.4,128,0.071317059,3337975
45,Utah,21-Nov,1698570,22972,1.4,101,0.056850227,3337975
45,Utah,21-Dec,1686575,22578,1.3,114,0.064117094,3337975
46,Vermont,20-Jan,343783,10327,3,16,0.045785449,642495
46,Vermont,20-Feb,343087,8861,2.6,13,0.037439593,642495
46,Vermont,20-Mar,340422,9779,2.9,12,0.035021874,642495
46,Vermont,20-Apr,348360,52241,15,14,0.045143961,642495
46,Vermont,20-May,330491,31187,9.4,13,0.041626108,642495
46,Vermont,20-Jun,332543,26307,7.9,13,0.040722224,642495
46,Vermont,20-Jul,330100,21934,6.6,13,0.04047751,642495
46,Vermont,20-Aug,325514,16427,5,14,0.043331982,642495
46,Vermont,20-Sep,318926,14262,4.5,15,0.04692427,642495
46,Vermont,20-Oct,317381,9080,2.9,16,0.049336881,642495
46,Vermont,20-Nov,316915,10268,3.2,13,0.040669864,642495
46,Vermont,20-Dec,313167,10278,3.3,17,0.053143434,642495
46,Vermont,21-Jan,311722,11471,3.7,15,0.047581134,645570
46,Vermont,21-Feb,309693,9659,3.1,14,0.04458116,645570
46,Vermont,21-Mar,312565,10026,3.2,17,0.053201644,645570
46,Vermont,21-Apr,312581,9437,3,26,0.078992781,645570
46,Vermont,21-May,316049,8090,2.6,25,0.07508432,645570
46,Vermont,21-Jun,319790,11474,3.6,23,0.069420131,645570
46,Vermont,21-Jul,324858,10276,3.2,23,0.068131595,645570
46,Vermont,21-Aug,322525,9486,2.9,24,0.071208376,645570
46,Vermont,21-Sep,317614,6300,2,24,0.071574703,645570
46,Vermont,21-Oct,318192,5227,1.6,24,0.071224014,645570
46,Vermont,21-Nov,317782,6119,1.9,22,0.06593479,645570
46,Vermont,21-Dec,315107,7000,2.2,30,0.088729308,645570
47,Virginia,20-Jan,4437563,123101,2.8,213,0.047046226,8632044
47,Virginia,20-Feb,4461764,111375,2.5,201,0.044162343,8632044
47,Virginia,20-Mar,4436793,123223,2.8,198,0.043887161,8632044
47,Virginia,20-Apr,4369898,481130,11,178,0.043769401,8632044
47,Virginia,20-May,4263233,367260,8.6,163,0.040157941,8632044
47,Virginia,20-Jun,4358146,387307,8.9,194,0.046580432,8632044
47,Virginia,20-Jul,4363071,354094,8.1,205,0.048647631,8632044
47,Virginia,20-Aug,4401474,312141,7.1,209,0.048623501,8632044
47,Virginia,20-Sep,4289848,276693,6.4,196,0.046565166,8632044
47,Virginia,20-Oct,4279784,243607,5.7,214,0.050350844,8632044
47,Virginia,20-Nov,4258549,233440,5.5,194,0.045981272,8632044
47,Virginia,20-Dec,4239603,243507,5.7,186,0.044475306,8632044
47,Virginia,21-Jan,4218059,239627,5.7,199,0.047636921,8642274
47,Virginia,21-Feb,4224831,226104,5.4,236,0.055729685,8642274
47,Virginia,21-Mar,4248551,216835,5.1,227,0.053302451,8642274
47,Virginia,21-Apr,4216376,166057,3.9,291,0.06703032,8642274
47,Virginia,21-May,4238427,173325,4.1,265,0.061199482,8642274
47,Virginia,21-Jun,4288989,192604,4.5,279,0.063765817,8642274
47,Virginia,21-Jul,4315705,174890,4.1,337,0.07525992,8642274
47,Virginia,21-Aug,4266523,161031,3.8,301,0.068308305,8642274
47,Virginia,21-Sep,4219252,135652,3.2,344,0.077694462,8642274
47,Virginia,21-Oct,4269118,127514,3,298,0.067123104,8642274
47,Virginia,21-Nov,4262219,115438,2.7,281,0.06346294,8642274
47,Virginia,21-Dec,4252784,113211,2.7,272,0.061656012,8642274
48,Washington,20-Jan,3954032,180264,4.6,203,0.051046478,7718785
48,Washington,20-Feb,3988229,177565,4.5,137,0.034704068,7718785
48,Washington,20-Mar,3930706,229593,5.8,122,0.031911168,7718785
48,Washington,20-Apr,3964302,646752,16.3,116,0.033784276,7718785
48,Washington,20-May,3899857,496674,12.7,109,0.031034829,7718785
48,Washington,20-Jun,3888501,418801,10.8,136,0.037718058,7718785
48,Washington,20-Jul,3931051,419461,10.7,145,0.039654432,7718785
48,Washington,20-Aug,3886399,335071,8.6,132,0.035837156,7718785
48,Washington,20-Sep,3869556,293324,7.6,123,0.033250145,7718785
48,Washington,20-Oct,3978552,250226,6.3,130,0.033693369,7718785
48,Washington,20-Nov,3857075,249679,6.5,128,0.034266782,7718785
48,Washington,20-Dec,3830175,251637,6.6,118,0.03192176,7718785
48,Washington,21-Jan,3845838,260249,6.8,174,0.046281655,7738692
48,Washington,21-Feb,3874189,246890,6.4,147,0.03894763,7738692
48,Washington,21-Mar,3899305,246226,6.3,181,0.047208208,7738692
48,Washington,21-Apr,3898749,220275,5.6,204,0.052543816,7738692
48,Washington,21-May,3895552,193922,5,183,0.047108734,7738692
48,Washington,21-Jun,3923081,202639,5.2,248,0.062493039,7738692
48,Washington,21-Jul,3971158,196909,5,269,0.066530654,7738692
48,Washington,21-Aug,3959899,197137,5,214,0.053812624,7738692
48,Washington,21-Sep,3950407,172432,4.4,220,0.055027858,7738692
48,Washington,21-Oct,3941774,173498,4.4,226,0.056580967,7738692
48,Washington,21-Nov,3941030,139929,3.6,205,0.05117195,7738692
48,Washington,21-Dec,3975042,150810,3.8,184,0.045905526,7738692
49,West Virginia,20-Jan,799650,45180,5.6,44,0.055105389,1789798
49,West Virginia,20-Feb,805171,46326,5.8,38,0.04768807,1789798
49,West Virginia,20-Mar,794966,49152,6.2,40,0.050902631,1789798
49,West Virginia,20-Apr,763219,118890,15.6,38,0.055691609,1789798
49,West Virginia,20-May,786764,96576,12.3,37,0.050880928,1789798
49,West Virginia,20-Jun,795463,80456,10.1,41,0.054232302,1789798
49,West Virginia,20-Jul,794028,75343,9.5,50,0.06504615,1789798
49,West Virginia,20-Aug,793761,65786,8.3,47,0.060647118,1789798
49,West Virginia,20-Sep,794260,57454,7.2,54,0.068284763,1789798
49,West Virginia,20-Oct,793957,50108,6.3,47,0.059429803,1789798
49,West Virginia,20-Nov,792065,51605,6.5,40,0.051251826,1789798
49,West Virginia,20-Dec,792568,56722,7.2,41,0.052777513,1789798
49,West Virginia,21-Jan,783457,55551,7.1,49,0.063070693,1782959
49,West Virginia,21-Feb,790202,54312,6.9,44,0.056418213,1782959
49,West Virginia,21-Mar,783154,48011,6.1,53,0.06724668,1782959
49,West Virginia,21-Apr,792533,45323,5.7,55,0.068560601,1782959
49,West Virginia,21-May,790328,39286,5,57,0.070540888,1782959
49,West Virginia,21-Jun,802562,41145,5.1,62,0.075295992,1782959
49,West Virginia,21-Jul,800059,36400,4.5,72,0.086159546,1782959
49,West Virginia,21-Aug,794965,33706,4.2,55,0.067380574,1782959
49,West Virginia,21-Sep,791828,25731,3.2,71,0.084816933,1782959
49,West Virginia,21-Oct,791333,23193,2.9,58,0.070206018,1782959
49,West Virginia,21-Nov,784706,20498,2.6,47,0.057938285,1782959
49,West Virginia,21-Dec,782740,22893,2.9,47,0.05825144,1782959
50,Wisconsin,20-Jan,3057272,107294,3.5,157,0.050531417,5892323
50,Wisconsin,20-Feb,3070731,107685,3.5,144,0.046346272,5892323
50,Wisconsin,20-Mar,3041275,115879,3.8,116,0.03814038,5892323
50,Wisconsin,20-Apr,3033527,452666,14.9,110,0.040879109,5892323
50,Wisconsin,20-May,3045283,326531,10.7,115,0.040582239,5892323
50,Wisconsin,20-Jun,3085264,266655,8.6,126,0.042790061,5892323
50,Wisconsin,20-Jul,3090324,224423,7.3,181,0.059404621,5892323
50,Wisconsin,20-Aug,3079474,179297,5.8,126,0.041636692,5892323
50,Wisconsin,20-Sep,3129027,153718,4.9,131,0.042172237,5892323
50,Wisconsin,20-Oct,3055281,130864,4.3,134,0.043813515,5892323
50,Wisconsin,20-Nov,3059093,125598,4.1,120,0.039299229,5892323
50,Wisconsin,20-Dec,3038277,122911,4,106,0.035083469,5892323
50,Wisconsin,21-Jan,3032623,136654,4.5,123,0.040742386,5895908
50,Wisconsin,21-Feb,3057176,148925,4.9,129,0.042472618,5895908
50,Wisconsin,21-Mar,3070571,147187,4.8,170,0.054955996,5895908
50,Wisconsin,21-Apr,3072925,133910,4.4,222,0.070230606,5895908
50,Wisconsin,21-May,3088951,122618,4,195,0.061682841,5895908
50,Wisconsin,21-Jun,3158568,142603,4.5,217,0.067121048,5895908
50,Wisconsin,21-Jul,3165804,129295,4.1,243,0.074096458,5895908
50,Wisconsin,21-Aug,3130893,125982,4,216,0.067061772,5895908
50,Wisconsin,21-Sep,3104266,83336,2.7,223,0.068743777,5895908
50,Wisconsin,21-Oct,3104408,70726,2.3,220,0.067615704,5895908
50,Wisconsin,21-Nov,3102248,57455,1.9,212,0.065094711,5895908
50,Wisconsin,21-Dec,3093829,61154,2,182,0.056615365,5895908
51,Wyoming,20-Jan,296026,14396,4.9,16,0.053758022,577267
51,Wyoming,20-Feb,297365,14440,4.9,13,0.04393005,577267
51,Wyoming,20-Mar,297605,17589,5.9,12,0.041093639,577267
51,Wyoming,20-Apr,288142,16751,5.8,13,0.045711714,577267
51,Wyoming,20-May,298976,26021,8.7,12,0.042111912,577267
51,Wyoming,20-Jun,301308,21849,7.3,13,0.044450675,577267
51,Wyoming,20-Jul,301260,20340,6.8,15,0.050689376,577267
51,Wyoming,20-Aug,299955,17661,5.9,14,0.047250366,577267
51,Wyoming,20-Sep,298662,16320,5.5,13,0.044016767,577267
51,Wyoming,20-Oct,294677,12954,4.4,13,0.044109214,577267
51,Wyoming,20-Nov,294827,14238,4.8,11,0.037724331,577267
51,Wyoming,20-Dec,292809,15512,5.3,16,0.054552212,577267
51,Wyoming,21-Jan,294201,18294,6.2,15,0.051562871,578803
51,Wyoming,21-Feb,295352,19312,6.5,15,0.051539307,578803
51,Wyoming,21-Mar,294569,17284,5.9,17,0.057767131,578803
51,Wyoming,21-Apr,293740,16723,5.7,20,0.067336213,578803
51,Wyoming,21-May,294720,16021,5.4,20,0.066957037,578803
51,Wyoming,21-Jun,299609,16860,5.6,22,0.072190557,578803
51,Wyoming,21-Jul,296818,13098,4.4,26,0.083946791,578803
51,Wyoming,21-Aug,294877,10917,3.7,23,0.074928329,578803
51,Wyoming,21-Sep,292998,8004,2.7,19,0.062501234,578803
51,Wyoming,21-Oct,292291,7282,2.5,20,0.065571836,578803
51,Wyoming,21-Nov,291339,6976,2.4,17,0.056410376,578803
51,Wyoming,21-Dec,290223,6852,2.4,27,0.086992664,578803
